season_id,team_id,player_id,player_image
2008,6,11919,-
2008,6,46,-
2008,6,11921,-
2008,6,11922,-
2008,6,11923,-
2008,1,11930,-
2008,1,11931,-
2008,1,332,https://documents.iplt20.com/ipl/IPLHeadshot2025/2.png
2008,1,11933,-
2008,1,11934,-
2008,1,11935,-
2008,1,11936,-
2008,1,11937,-
2008,1,52,-
2008,1,187,-
2008,1,11940,-
2017,2,12,https://documents.iplt20.com/playerheadshot/ipl/210/170.png
2017,2,13,-
2017,2,14,-
2017,2,15,-
2017,2,16,https://documents.iplt20.com/playerheadshot/ipl/210/1556.png
2017,2,17,-
2017,1,1,https://documents.iplt20.com/playerheadshot/ipl/210/236.png
2017,1,2,-
2017,1,3,-
2017,1,4,-
2017,1,5,-
2017,1,6,-
2017,1,7,-
2017,1,8,-
2017,5,45,-
2017,1,10,-
2017,1,9,-
2017,1,11,-
2017,3,23,-
2017,3,24,-
2017,3,25,-
2017,3,26,-
2017,3,27,-
2017,3,28,-
2017,3,29,-
2017,3,30,-
2017,3,31,-
2017,4,34,https://documents.iplt20.com/ipl/IPLHeadshot2025/44.png
2017,4,35,-
2017,4,36,-
2017,4,37,-
2017,4,38,https://documents.iplt20.com/ipl/IPLHeadshot2025/57.png
2017,5,46,-
2017,5,47,-
2017,5,48,-
2017,5,49,-
2017,6,56,-
2017,6,57,-
2017,494,73,-
2017,4,39,-
2017,4,161,-
2017,494,67,-
2017,494,68,-
2017,494,69,-
2017,494,70,https://documents.iplt20.com/playerheadshot/ipl/210/1113.png
2017,494,71,-
2017,494,72,-
2017,1,171,-
2017,1,173,-
2017,1,172,-
2017,252,177,-
2017,252,178,-
2017,252,179,https://documents.iplt20.com/ipl/IPLHeadshot2025/131.png
2017,252,180,-
2017,252,181,-
2017,252,182,-
2017,252,183,-
2017,252,184,-
2017,252,185,-
2017,252,186,-
2017,252,187,-
2017,5,50,-
2017,5,54,-
2017,5,52,-
2017,5,196,-
2017,6,58,https://documents.iplt20.com/playerheadshot/ipl/210/127.png
2017,6,59,https://documents.iplt20.com/ipl/IPLHeadshot2025/16.png
2017,6,60,-
2017,6,61,-
2017,6,62,-
2017,6,65,-
2017,3,228,-
2017,1,245,-
2017,252,258,-
2017,4,267,https://assets.iplt20.com/ipl/IPLHeadshot2022/24.png
2017,4,268,https://documents.iplt20.com/playerheadshot/ipl/210/3838.png
2017,4,40,-
2017,4,41,-
2017,4,42,-
2017,4,43,-
2017,4,44,https://documents.iplt20.com/playerheadshot/ipl/210/898.png
2017,2,18,-
2017,2,293,https://documents.iplt20.com/playerheadshot/ipl/210/1083.png
2017,2,22,https://documents.iplt20.com/playerheadshot/ipl/210/2885.png
2017,2,20,https://documents.iplt20.com/playerheadshot/ipl/210/116.png
2017,494,75,https://documents.iplt20.com/playerheadshot/ipl/210/1107.png
2017,494,241,-
2017,1,332,https://documents.iplt20.com/ipl/IPLHeadshot2025/2.png
2017,3,32,-
2017,4,359,-
2017,4,360,-
2017,4,163,-
2017,4,361,-
2017,6,316,-
2017,2,19,-
2017,252,389,-
2017,494,400,-
2017,494,405,-
2017,494,76,-
2017,5,347,-
2017,4,438,-
2017,1,448,-
2017,1,341,-
2017,252,457,-
2017,252,460,-
2017,2,491,-
2017,494,308,https://documents.iplt20.com/ipl/IPLHeadshot2024/50.png
2017,5,348,https://documents.iplt20.com/ipl/IPLHeadshot2025/46.png
2017,5,351,-
2017,2,531,https://documents.iplt20.com/playerheadshot/ipl/210/440.png
2017,494,541,-
2017,6,579,-
2017,5,569,-
2017,3,604,-
2017,252,590,https://documents.iplt20.com/playerheadshot/ipl/210/1664.png
2017,5,634,-
2017,6,471,-
2017,6,64,https://documents.iplt20.com/playerheadshot/ipl/210/261.png
2017,6,318,-
2017,4,613,https://documents.iplt20.com/ipl/IPLHeadshot2024/20.png
2017,3,676,-
2017,6,697,-
2017,252,744,-
2017,6,753,-
2017,494,760,-
2017,494,767,-
2017,5,811,-
2017,5,726,-
2017,3,33,-
2017,3,230,https://documents.iplt20.com/playerheadshot/ipl/210/211.png
2017,5,900,-
2017,2,495,-
2017,3,1035,-
2017,252,963,-
2017,494,74,-
2017,494,1119,https://documents.iplt20.com/playerheadshot/ipl/210/1749.png
2017,5,418,-
2017,3,1233,-
2017,6,66,-
2017,2,1327,-
2017,6,1314,-
2017,6,63,-
2017,6,219,-
2018,129,4,-
2018,3,25,-
2018,3,1377,-
2018,3,347,-
2018,3,61,-
2018,3,30,-
2018,3,28,-
2018,129,5,-
2018,129,27,-
2018,129,47,-
2018,129,38,https://documents.iplt20.com/ipl/IPLHeadshot2025/57.png
2018,129,348,https://documents.iplt20.com/ipl/IPLHeadshot2025/46.png
2018,129,1393,https://documents.iplt20.com/playerheadshot/ipl/210/25.png
2018,129,41,-
2018,129,228,-
2018,129,1396,-
2018,129,44,https://documents.iplt20.com/playerheadshot/ipl/210/898.png
2018,252,1398,-
2018,252,56,-
2018,252,389,-
2018,252,293,https://documents.iplt20.com/playerheadshot/ipl/210/1083.png
2018,252,181,-
2018,252,1119,https://documents.iplt20.com/playerheadshot/ipl/210/1749.png
2018,252,182,-
2018,252,161,-
2018,494,1409,https://documents.iplt20.com/playerheadshot/ipl/210/1125.png
2018,494,35,-
2018,494,15,-
2018,494,179,https://documents.iplt20.com/playerheadshot/ipl/210/276.png
2018,494,72,-
2018,494,73,-
2018,1,46,-
2018,1,1421,https://documents.iplt20.com/playerheadshot/ipl/210/834.png
2018,1,332,https://documents.iplt20.com/ipl/IPLHeadshot2025/2.png
2018,1,245,-
2018,1,2,-
2018,1,1424,-
2018,1,62,-
2018,6,65,-
2018,6,57,-
2018,6,58,https://documents.iplt20.com/playerheadshot/ipl/210/127.png
2018,6,26,-
2018,6,49,-
2018,6,1436,https://documents.iplt20.com/ipl/IPLHeadshot2025/152.png
2018,6,1437,https://documents.iplt20.com/ipl/IPLHeadshot2025/141.png
2018,6,1242,-
2018,134,34,https://documents.iplt20.com/playerheadshot/ipl/210/135.png
2018,134,1443,-
2018,134,180,-
2018,134,37,-
2018,134,268,https://documents.iplt20.com/playerheadshot/ipl/210/3838.png
2018,134,24,https://assets.iplt20.com/ipl/IPLHeadshot2022/509.png
2018,134,1448,-
2018,134,1449,https://documents.iplt20.com/playerheadshot/ipl/210/1748.png
2018,134,54,-
2018,134,438,-
2018,134,1452,-
2018,2,69,-
2018,2,13,-
2018,2,531,https://documents.iplt20.com/playerheadshot/ipl/210/440.png
2018,6,1471,-
2018,129,178,-
2018,252,71,-
2018,3,29,-
2018,3,17,-
2018,3,900,-
2018,3,33,-
2018,3,1386,-
2018,2,59,https://documents.iplt20.com/playerheadshot/ipl/210/123.png
2018,2,579,-
2018,2,16,https://documents.iplt20.com/playerheadshot/ipl/210/1556.png
2018,2,60,-
2018,2,22,https://documents.iplt20.com/playerheadshot/ipl/210/2885.png
2018,2,495,-
2018,2,76,-
2018,2,176,-
2018,494,48,-
2018,494,70,https://documents.iplt20.com/playerheadshot/ipl/210/1113.png
2018,494,1416,https://documents.iplt20.com/playerheadshot/ipl/210/8.png
2018,494,351,https://documents.iplt20.com/playerheadshot/ipl/210/1480.png
2018,494,75,https://documents.iplt20.com/playerheadshot/ipl/210/1107.png
2018,494,1419,-
2018,1,613,https://documents.iplt20.com/playerheadshot/ipl/210/2973.png
2018,3,1559,-
2018,252,45,-
2018,6,1580,https://documents.iplt20.com/playerheadshot/ipl/210/3761.png
2018,6,1581,-
2018,6,604,-
2018,1,172,-
2018,494,1,https://documents.iplt20.com/playerheadshot/ipl/210/236.png
2018,129,1630,-
2018,6,63,-
2018,252,460,-
2018,252,186,-
2018,252,66,-
2018,3,32,-
2018,1,258,-
2018,1,318,-
2018,1,538,https://documents.iplt20.com/ipl/IPLHeadshot2024/63.png
2018,134,1740,-
2018,134,7,-
2018,1,68,-
2018,129,267,https://documents.iplt20.com/playerheadshot/ipl/210/24.png
2018,2,1805,-
2018,134,1833,-
2018,494,494,-
2018,252,1849,-
2018,252,1856,-
2018,252,185,-
2018,2,491,-
2018,2,196,-
2018,3,297,https://documents.iplt20.com/playerheadshot/ipl/210/1594.png
2018,1,316,-
2018,494,39,-
2018,494,219,-
2018,6,64,https://documents.iplt20.com/playerheadshot/ipl/210/261.png
2018,2,1970,-
2018,134,1986,https://documents.iplt20.com/playerheadshot/ipl/210/2970.png
2018,1,31,-
2018,3,1964,-
2018,1,23,-
2018,1,1998,-
2018,129,2138,-
2018,252,18,-
2018,2,20,https://documents.iplt20.com/playerheadshot/ipl/210/116.png
2018,1,2227,https://documents.iplt20.com/ipl/IPLHeadshot2024/206.png
2018,494,634,-
2018,6,2188,https://documents.iplt20.com/playerheadshot/ipl/210/5105.png
2018,252,1285,-
2018,134,2315,-
2018,6,2329,-
2018,252,2349,-
2018,134,1990,-
2018,134,767,-
2018,1,10,-
2018,2,2295,-
2018,2,183,-
2019,2,2719,-
2018,129,360,-
2019,2,12,https://documents.iplt20.com/playerheadshot/ipl/210/170.png
2019,1,332,https://documents.iplt20.com/ipl/IPLHeadshot2025/2.png
2019,1,23,-
2019,1,2227,https://documents.iplt20.com/ipl/IPLHeadshot2024/206.png
2019,1,245,-
2019,1,2700,-
2019,1,2701,https://documents.iplt20.com/playerheadshot/ipl/210/5431.png
2019,1,316,-
2019,1,2703,-
2019,1,10,-
2019,1,318,-
2019,1,538,https://documents.iplt20.com/ipl/IPLHeadshot2024/63.png
2019,129,5,-
2019,129,27,-
2019,129,47,-
2019,129,4,-
2019,129,348,https://documents.iplt20.com/ipl/IPLHeadshot2025/46.png
2019,2,293,https://documents.iplt20.com/playerheadshot/ipl/210/1083.png
2019,2,60,-
2019,2,59,https://documents.iplt20.com/playerheadshot/ipl/210/123.png
2019,6,57,-
2019,6,26,-
2019,6,58,https://documents.iplt20.com/playerheadshot/ipl/210/127.png
2019,6,49,-
2019,6,1437,https://documents.iplt20.com/ipl/IPLHeadshot2025/141.png
2019,6,1580,https://documents.iplt20.com/playerheadshot/ipl/210/3761.png
2019,252,1849,-
2019,252,13,-
2019,252,389,-
2019,252,2743,-
2019,252,181,-
2019,252,2745,-
2019,252,70,https://documents.iplt20.com/ipl/IPLHeadshot2025/110.png
2019,252,1119,https://documents.iplt20.com/playerheadshot/ipl/210/1749.png
2019,3,25,-
2019,3,1421,https://documents.iplt20.com/playerheadshot/ipl/210/834.png
2019,3,61,-
2019,3,29,-
2019,3,15,-
2019,3,30,-
2019,3,28,-
2019,3,17,-
2019,3,32,-
2019,3,2760,-
2019,494,1409,https://documents.iplt20.com/playerheadshot/ipl/210/1125.png
2019,494,35,-
2019,494,1,https://documents.iplt20.com/playerheadshot/ipl/210/236.png
2019,494,1424,-
2019,494,2766,-
2019,494,2,-
2019,134,34,https://documents.iplt20.com/playerheadshot/ipl/210/135.png
2019,134,24,https://assets.iplt20.com/ipl/IPLHeadshot2022/509.png
2019,134,180,-
2019,134,36,-
2019,134,268,https://documents.iplt20.com/playerheadshot/ipl/210/3838.png
2019,134,37,-
2019,134,1448,-
2019,134,1833,-
2019,134,438,-
2019,134,1449,https://documents.iplt20.com/playerheadshot/ipl/210/1748.png
2019,134,54,-
2019,129,38,https://documents.iplt20.com/ipl/IPLHeadshot2025/57.png
2019,129,1393,https://documents.iplt20.com/playerheadshot/ipl/210/25.png
2019,6,65,-
2019,494,72,-
2019,3,1386,-
2019,3,33,-
2019,2,531,https://documents.iplt20.com/playerheadshot/ipl/210/440.png
2019,2,22,https://documents.iplt20.com/playerheadshot/ipl/210/2885.png
2019,6,2894,-
2019,6,63,-
2019,6,64,https://documents.iplt20.com/playerheadshot/ipl/210/261.png
2019,252,2910,-
2019,1,2934,-
2019,494,2768,https://documents.iplt20.com/ipl/IPLHeadshot2024/138.png
2019,494,2824,-
2019,494,1416,https://documents.iplt20.com/playerheadshot/ipl/210/8.png
2019,494,1998,-
2019,494,460,-
2019,252,182,-
2019,252,1285,-
2019,252,1286,-
2019,252,590,https://documents.iplt20.com/playerheadshot/ipl/210/1664.png
2019,252,2352,-
2019,1,73,-
2019,129,41,-
2019,129,360,-
2019,129,75,https://documents.iplt20.com/playerheadshot/ipl/210/1107.png
2019,2,16,https://documents.iplt20.com/playerheadshot/ipl/210/1556.png
2019,2,491,-
2019,129,267,https://documents.iplt20.com/playerheadshot/ipl/210/24.png
2019,3,347,-
2019,3,163,-
2019,2,20,https://documents.iplt20.com/playerheadshot/ipl/210/116.png
2019,2,76,-
2019,2,495,-
2019,1,634,-
2019,1,31,-
2019,1,172,-
2019,6,2188,https://documents.iplt20.com/playerheadshot/ipl/210/5105.png
2019,6,3156,-
2019,494,179,https://documents.iplt20.com/playerheadshot/ipl/210/276.png
2019,3,3214,-
2019,3,3100,-
2019,134,3230,-
2019,129,2947,-
2019,6,3246,-
2019,6,183,-
2019,134,3284,-
2019,252,1398,-
2019,2,1805,-
2019,2,2349,-
2019,2,2662,https://documents.iplt20.com/playerheadshot/ipl/210/2964.png
2019,494,1419,-
2019,134,3393,-
2019,134,7,-
2019,129,178,-
2019,252,185,-
2019,494,3495,-
2019,252,3505,https://assets.iplt20.com/ipl/IPLHeadshot2022/5396.png
2019,6,1436,https://documents.iplt20.com/ipl/IPLHeadshot2025/152.png
2019,6,3518,-
2019,6,405,-
2019,3,1377,-
2019,129,1630,-
2019,129,2138,-
2019,129,228,-
2019,2,579,-
2019,2,69,-
2019,1,1740,-
2019,1,546,-
2019,1,613,https://documents.iplt20.com/playerheadshot/ipl/210/2973.png
2019,3,494,-
2019,494,3747,-
2019,252,3793,-
2019,252,66,-
2019,2,760,-
2019,494,351,-
2019,134,1986,https://documents.iplt20.com/playerheadshot/ipl/210/2970.png
2019,134,1990,-
2019,134,241,-
2019,2,196,-
2020,3,1421,https://documents.iplt20.com/playerheadshot/ipl/210/834.png
2019,252,308,https://documents.iplt20.com/ipl/IPLHeadshot2024/50.png
2020,3,25,-
2020,3,61,-
2020,3,1233,-
2020,3,30,-
2020,3,29,-
2020,3,28,-
2020,3,4023,-
2020,3,163,-
2020,3,66,-
2020,3,33,-
2020,129,1630,-
2020,129,5,-
2020,129,267,https://documents.iplt20.com/playerheadshot/ipl/210/24.png
2020,129,27,-
2020,129,348,https://documents.iplt20.com/ipl/IPLHeadshot2025/46.png
2020,129,2768,https://documents.iplt20.com/ipl/IPLHeadshot2025/138.png
2020,129,38,https://documents.iplt20.com/ipl/IPLHeadshot2025/57.png
2020,252,1849,-
2020,252,13,-
2020,252,2700,-
2020,252,389,-
2020,252,181,-
2020,252,70,https://documents.iplt20.com/ipl/IPLHeadshot2025/110.png
2020,252,73,-
2020,252,1416,https://documents.iplt20.com/playerheadshot/ipl/210/8.png
2020,252,4047,https://documents.iplt20.com/ipl/IPLHeadshot2024/142.png
2020,494,1409,https://documents.iplt20.com/playerheadshot/ipl/210/1125.png
2020,494,35,-
2020,494,179,https://documents.iplt20.com/playerheadshot/ipl/210/276.png
2020,494,2766,-
2020,494,71,-
2020,494,1424,-
2020,494,1448,-
2020,2,12,https://documents.iplt20.com/playerheadshot/ipl/210/170.png
2020,494,1327,-
2020,6,1580,https://documents.iplt20.com/playerheadshot/ipl/210/3761.png
2020,6,268,https://documents.iplt20.com/playerheadshot/ipl/210/3838.png
2020,6,26,-
2020,6,4063,-
2020,6,49,-
2020,6,400,-
2020,6,184,-
2020,6,64,https://documents.iplt20.com/playerheadshot/ipl/210/261.png
2020,6,361,-
2020,1,4071,-
2020,1,48,-
2020,1,546,-
2020,1,332,https://documents.iplt20.com/ipl/IPLHeadshot2025/2.png
2020,3,347,-
2020,3,471,-
2020,3,54,-
2020,2,69,-
2020,134,4104,-
2020,134,36,-
2020,134,180,-
2020,134,58,https://documents.iplt20.com/playerheadshot/ipl/210/127.png
2020,134,1119,https://documents.iplt20.com/playerheadshot/ipl/210/1749.png
2020,134,3230,-
2020,134,1471,-
2020,134,1833,-
2020,129,4119,https://assets.iplt20.com/ipl/IPLHeadshot2022/5443.png
2020,129,4,-
2020,6,65,-
2020,252,34,https://documents.iplt20.com/playerheadshot/ipl/210/135.png
2020,252,590,https://documents.iplt20.com/playerheadshot/ipl/210/1664.png
2020,252,4146,-
2020,494,2,-
2020,494,1,https://documents.iplt20.com/playerheadshot/ipl/210/236.png
2020,494,16,https://documents.iplt20.com/playerheadshot/ipl/210/1556.png
2020,494,1998,-
2020,2,2719,-
2020,2,59,https://documents.iplt20.com/playerheadshot/ipl/210/123.png
2020,2,4099,-
2020,2,293,https://documents.iplt20.com/playerheadshot/ipl/210/1083.png
2020,2,4098,-
2020,2,4097,-
2020,2,22,https://documents.iplt20.com/playerheadshot/ipl/210/2885.png
2020,2,76,-
2020,2,2662,https://documents.iplt20.com/playerheadshot/ipl/210/2964.png
2020,1,4170,-
2020,1,245,-
2020,1,2701,https://documents.iplt20.com/playerheadshot/ipl/210/5431.png
2020,1,182,-
2020,1,613,https://documents.iplt20.com/playerheadshot/ipl/210/2973.png
2020,252,1285,-
2020,134,24,https://assets.iplt20.com/ipl/IPLHeadshot2022/509.png
2020,134,1986,https://documents.iplt20.com/playerheadshot/ipl/210/2970.png
2020,134,351,-
2020,134,1449,https://documents.iplt20.com/playerheadshot/ipl/210/1748.png
2020,134,4212,-
2020,134,241,-
2020,6,1437,https://documents.iplt20.com/ipl/IPLHeadshot2025/141.png
2020,6,4134,https://documents.iplt20.com/playerheadshot/ipl/210/3766.png
2020,6,1581,-
2020,6,2825,-
2020,1,4078,-
2020,1,538,https://documents.iplt20.com/ipl/IPLHeadshot2024/63.png
2020,2,531,https://documents.iplt20.com/playerheadshot/ipl/210/440.png
2020,2,2349,-
2020,494,4274,-
2020,494,4059,-
2020,494,460,-
2020,134,438,-
2020,134,219,-
2020,1,4310,-
2020,134,37,-
2020,6,2894,-
2020,252,4406,-
2020,1,318,-
2020,1,2703,-
2020,1,3451,-
2020,1,10,-
2020,1,2227,https://documents.iplt20.com/ipl/IPLHeadshot2024/206.png
2020,6,2188,https://documents.iplt20.com/playerheadshot/ipl/210/5105.png
2020,129,4339,-
2020,129,41,-
2020,129,360,-
2020,129,44,https://documents.iplt20.com/playerheadshot/ipl/210/898.png
2020,494,3747,-
2020,129,1393,https://documents.iplt20.com/playerheadshot/ipl/210/25.png
2020,2,186,-
2020,2,77,https://documents.iplt20.com/ipl/IPLHeadshot2024/224.png
2020,2,20,https://documents.iplt20.com/playerheadshot/ipl/210/116.png
2020,2,4960,-
2020,252,4970,-
2020,6,1436,https://documents.iplt20.com/ipl/IPLHeadshot2025/152.png
2020,494,1419,-
2020,494,4058,-
2020,494,3388,-
2020,2,491,-
2021,494,16,https://documents.iplt20.com/playerheadshot/ipl/210/1556.png
2020,252,4320,-
2020,2,2295,-
2021,3,25,-
2021,3,57,-
2021,3,61,-
2021,3,347,-
2021,3,30,-
2021,3,29,-
2021,3,28,-
2021,3,5343,-
2021,3,33,-
2021,1,613,https://documents.iplt20.com/playerheadshot/ipl/210/2973.png
2021,1,332,https://documents.iplt20.com/ipl/IPLHeadshot2025/2.png
2021,1,5349,-
2021,1,71,-
2021,1,245,-
2021,1,4310,-
2021,1,161,-
2021,1,5354,-
2021,1,1285,https://documents.iplt20.com/playerheadshot/ipl/210/157.png
2021,1,538,https://documents.iplt20.com/ipl/IPLHeadshot2024/63.png
2021,129,4119,https://assets.iplt20.com/ipl/IPLHeadshot2022/5443.png
2021,129,267,https://documents.iplt20.com/playerheadshot/ipl/210/24.png
2021,129,2227,https://documents.iplt20.com/ipl/IPLHeadshot2024/206.png
2021,129,47,-
2021,129,27,-
2021,129,348,https://documents.iplt20.com/ipl/IPLHeadshot2025/46.png
2021,129,38,https://documents.iplt20.com/ipl/IPLHeadshot2025/57.png
2021,129,2768,https://documents.iplt20.com/ipl/IPLHeadshot2025/138.png
2021,252,1849,-
2021,252,13,-
2021,252,181,-
2021,252,73,-
2021,6,26,-
2021,6,1580,https://documents.iplt20.com/playerheadshot/ipl/210/3761.png
2021,6,268,https://documents.iplt20.com/playerheadshot/ipl/210/3838.png
2021,6,1437,https://documents.iplt20.com/ipl/IPLHeadshot2025/141.png
2021,6,400,-
2021,6,49,-
2021,6,579,-
2021,2,69,-
2021,2,12,https://documents.iplt20.com/playerheadshot/ipl/210/170.png
2021,2,59,https://documents.iplt20.com/playerheadshot/ipl/210/123.png
2021,2,2719,-
2021,2,491,-
2021,2,293,https://documents.iplt20.com/playerheadshot/ipl/210/1083.png
2021,2,4099,-
2021,494,1409,https://documents.iplt20.com/playerheadshot/ipl/210/1125.png
2021,494,35,-
2021,494,1,https://documents.iplt20.com/playerheadshot/ipl/210/236.png
2021,494,2766,-
2021,494,5407,https://documents.iplt20.com/ipl/IPLHeadshot2023/590.png
2021,494,5408,-
2021,134,37,-
2021,134,180,-
2021,134,68,-
2021,134,24,https://assets.iplt20.com/ipl/IPLHeadshot2022/509.png
2021,134,2701,https://documents.iplt20.com/playerheadshot/ipl/210/5431.png
2021,134,3230,-
2021,134,1119,https://documents.iplt20.com/playerheadshot/ipl/210/1749.png
2021,134,182,-
2021,3,1421,https://documents.iplt20.com/playerheadshot/ipl/210/834.png
2021,3,163,-
2021,6,184,-
2021,6,228,-
2021,1,4071,-
2021,2,4098,-
2021,2,22,https://documents.iplt20.com/playerheadshot/ipl/210/2885.png
2021,2,20,https://documents.iplt20.com/playerheadshot/ipl/210/116.png
2021,2,186,-
2021,252,34,https://documents.iplt20.com/playerheadshot/ipl/210/135.png
2021,252,5473,-
2021,252,1471,-
2021,252,62,-
2021,252,1416,https://documents.iplt20.com/playerheadshot/ipl/210/8.png
2021,252,590,https://documents.iplt20.com/playerheadshot/ipl/210/1664.png
2021,134,72,-
2021,134,438,-
2021,494,1998,-
2021,494,460,-
2021,2,5526,-
2021,2,2349,-
2021,2,2662,https://documents.iplt20.com/playerheadshot/ipl/210/2964.png
2021,2,1419,-
2021,6,2825,-
2021,252,36,-
2021,129,1393,https://documents.iplt20.com/playerheadshot/ipl/210/25.png
2021,129,360,-
2021,134,297,https://documents.iplt20.com/playerheadshot/ipl/210/1594.png
2021,3,525,https://documents.iplt20.com/playerheadshot/ipl/210/1740.png
2021,3,66,-
2021,252,2700,-
2021,494,14,-
2021,494,5629,-
2021,494,3388,-
2021,2,531,https://documents.iplt20.com/playerheadshot/ipl/210/440.png
2021,6,65,-
2021,6,4134,https://documents.iplt20.com/playerheadshot/ipl/210/3766.png
2021,6,2188,https://documents.iplt20.com/playerheadshot/ipl/210/5105.png
2021,134,5422,-
2021,134,1449,https://documents.iplt20.com/playerheadshot/ipl/210/1748.png
2021,6,1581,-
2021,134,4104,-
2021,1,2703,-
2021,1,10,-
2021,2,4,-
2021,2,3793,-
2021,494,1327,-
2021,494,4059,-
2021,1,4320,-
2021,494,3747,-
2021,494,3495,-
2021,3,4274,-
2021,2,76,-
2021,494,5955,-
2021,1,5976,-
2021,1,6,-
2021,1,5980,-
2021,6,5986,https://documents.iplt20.com/ipl/IPLHeadshot2025/584.png
2021,3,471,-
2021,3,63,-
2021,2,45,-
2021,2,4097,-
2021,2,495,-
2021,134,1377,-
2021,134,6033,-
2021,1,6047,-
2021,494,6054,-
2021,494,1424,-
2021,252,389,-
2021,252,70,https://documents.iplt20.com/ipl/IPLHeadshot2025/110.png
2021,252,1286,-
2021,6,31,-
2021,134,6115,-
2021,129,58,https://documents.iplt20.com/playerheadshot/ipl/210/127.png
2021,3,1233,-
2021,3,448,-
2021,134,3284,-
2021,134,1986,https://documents.iplt20.com/playerheadshot/ipl/210/2970.png
2021,134,6212,-
2021,129,41,-
2021,494,2,-
2021,494,6245,https://documents.iplt20.com/ipl/IPLHeadshot2023/633.png
2021,252,6287,-
2021,6,6310,-
2021,134,4212,-
2021,3,6360,-
2021,134,5935,https://documents.iplt20.com/playerheadshot/ipl/210/10788.png
2022,6,5986,https://documents.iplt20.com/ipl/IPLHeadshot2025/584.png
2021,1,6550,-
2021,6,361,-
2022,129,4119,https://assets.iplt20.com/ipl/IPLHeadshot2022/5443.png
2022,129,58,https://documents.iplt20.com/playerheadshot/ipl/210/127.png
2022,129,6657,https://documents.iplt20.com/ipl/IPLHeadshot2025/601.png
2022,129,27,-
2022,129,348,https://documents.iplt20.com/ipl/IPLHeadshot2025/46.png
2022,129,2701,https://documents.iplt20.com/ipl/IPLHeadshot2025/211.png
2022,129,38,https://documents.iplt20.com/ipl/IPLHeadshot2025/57.png
2022,6,34,https://documents.iplt20.com/ipl/IPLHeadshot2025/44.png
2022,6,26,-
2022,6,389,-
2022,6,178,-
2022,6,753,-
2022,3,25,-
2022,3,347,-
2022,3,6360,-
2022,3,6681,-
2022,3,29,-
2022,3,6550,-
2022,3,4320,-
2022,252,1849,-
2022,252,6310,-
2022,252,2,-
2022,252,181,-
2022,252,5473,-
2022,252,6694,-
2022,252,360,-
2022,252,70,https://documents.iplt20.com/ipl/IPLHeadshot2025/110.png
2022,1,267,https://assets.iplt20.com/ipl/IPLHeadshot2022/24.png
2022,1,5935,https://documents.iplt20.com/ipl/IPLHeadshot2024/534.png
2022,1,332,https://documents.iplt20.com/ipl/IPLHeadshot2025/2.png
2022,1,49,-
2022,494,35,-
2022,494,13,-
2022,494,6713,-
2022,494,3284,-
2022,494,6715,-
2022,494,5407,https://documents.iplt20.com/ipl/IPLHeadshot2023/590.png
2022,494,6717,-
2022,614,1409,https://documents.iplt20.com/ipl/IPLHeadshot2024/19.png
2022,614,1377,-
2022,614,1421,https://documents.iplt20.com/ipl/IPLHeadshot2024/170.png
2022,614,59,https://assets.iplt20.com/ipl/IPLHeadshot2022/123.png
2022,614,16,https://documents.iplt20.com/ipl/IPLHeadshot2024/215.png
2022,614,6727,-
2022,614,28,-
2022,614,6729,https://assets.iplt20.com/ipl/IPLHeadshot2022/817.png
2022,615,1580,https://documents.iplt20.com/ipl/IPLHeadshot2025/62.png
2022,615,293,https://documents.iplt20.com/ipl/IPLHeadshot2024/61.png
2022,615,6734,-
2022,615,30,-
2022,615,72,-
2022,615,1119,https://documents.iplt20.com/ipl/IPLHeadshot2025/120.png
2022,615,6739,-
2022,134,24,https://assets.iplt20.com/ipl/IPLHeadshot2022/509.png
2022,134,4104,-
2022,134,180,-
2022,134,4071,-
2022,134,2700,-
2022,134,3230,-
2022,134,471,-
2022,2,531,https://documents.iplt20.com/playerheadshot/ipl/210/440.png
2022,2,2349,-
2022,2,268,https://assets.iplt20.com/ipl/IPLHeadshot2022/3838.png
2022,2,2766,-
2022,2,6054,-
2022,2,4099,-
2022,2,6761,-
2022,2,613,https://documents.iplt20.com/ipl/IPLHeadshot2024/20.png
2022,2,20,https://documents.iplt20.com/playerheadshot/ipl/210/116.png
2022,6,65,-
2022,6,1437,https://documents.iplt20.com/ipl/IPLHeadshot2025/141.png
2022,6,31,-
2022,6,318,-
2022,6,2825,-
2022,1,3505,https://assets.iplt20.com/ipl/IPLHeadshot2022/5396.png
2022,1,2142,-
2022,1,4310,-
2022,1,5980,-
2022,1,1285,-
2022,129,2227,https://documents.iplt20.com/ipl/IPLHeadshot2024/206.png
2022,129,6795,-
2022,129,1393,https://documents.iplt20.com/playerheadshot/ipl/210/25.png
2022,494,3495,-
2022,494,163,-
2022,494,590,https://documents.iplt20.com/ipl/IPLHeadshot2024/116.png
2022,494,3388,-
2022,134,1416,https://documents.iplt20.com/ipl/IPLHeadshot2024/45.png
2022,134,2703,-
2022,134,66,-
2022,3,1998,-
2022,3,33,-
2022,615,22,https://documents.iplt20.com/ipl/IPLHeadshot2025/218.png
2022,252,64,https://documents.iplt20.com/ipl/IPLHeadshot2025/14.png
2022,252,2662,https://documents.iplt20.com/ipl/IPLHeadshot2023/8.png
2022,252,297,https://documents.iplt20.com/ipl/IPLHeadshot2025/258.png
2022,494,6880,-
2022,252,12,-
2022,494,6885,-
2022,129,1327,-
2022,129,6798,https://documents.iplt20.com/ipl/IPLHeadshot2025/970.png
2022,614,4098,-
2022,2,6017,-
2022,3,6944,https://documents.iplt20.com/ipl/IPLHeadshot2025/797.png
2022,3,61,-
2022,6,184,-
2022,252,1424,-
2022,494,2719,-
2022,615,6999,https://documents.iplt20.com/ipl/IPLHeadshot2025/976.png
2022,3,7036,https://assets.iplt20.com/ipl/IPLHeadshot2022/20595.png
2022,3,438,-
2022,1,71,-
2022,6,2760,-
2022,134,7077,-
2022,614,1448,-
2022,614,73,-
2022,614,1286,-
2022,1,7134,-
2022,1,6710,-
2022,1,538,https://documents.iplt20.com/ipl/IPLHeadshot2024/63.png
2022,1,4664,-
2022,3,9,-
2022,615,69,-
2022,134,4274,-
2022,134,2188,https://assets.iplt20.com/ipl/IPLHeadshot2022/5105.png
2022,134,10,https://assets.iplt20.com/ipl/IPLHeadshot2022/111.png
2022,134,7083,-
2022,6,48,-
2022,6,7192,-
2022,3,5629,-
2022,252,4960,-
2022,494,3747,-
2022,615,3100,-
2022,134,179,https://documents.iplt20.com/playerheadshot/ipl/210/276.png
2022,6,1581,-
2022,614,4059,-
2022,494,6245,https://documents.iplt20.com/ipl/IPLHeadshot2023/633.png
2022,3,7365,-
2022,129,2947,-
2022,615,361,-
2022,615,7172,-
2022,6,1436,https://documents.iplt20.com/ipl/IPLHeadshot2025/152.png
2022,134,7496,-
2022,1,5349,-
2022,2,7024,-
2022,2,5343,-
2022,6,7539,-
2022,6,7546,-
2022,614,6730,-
2022,494,7476,-
2022,1,1986,https://documents.iplt20.com/ipl/IPLHeadshot2023/184.png
2022,615,900,-
2022,129,7652,-
2022,129,7017,-
2022,2,7751,-
2022,2,1449,https://assets.iplt20.com/ipl/IPLHeadshot2022/1748.png
2022,2,4212,-
2022,6,3649,https://documents.iplt20.com/ipl/IPLHeadshot2025/160.png
2022,2,3793,-
2022,2,7843,-
2022,252,5976,-
2022,252,6287,-
2022,252,4047,https://documents.iplt20.com/ipl/IPLHeadshot2024/142.png
2022,3,7621,-
2022,3,5411,-
2022,614,7902,-
2022,3,7947,https://assets.iplt20.com/ipl/IPLHeadshot2022/20631.png
2022,129,4339,-
2022,2,4097,-
2022,3,8082,-
2022,6,8098,-
2022,494,8191,-
2022,614,68,-
2022,134,7302,-
2023,129,6657,https://documents.iplt20.com/ipl/IPLHeadshot2025/601.png
2023,129,4119,https://assets.iplt20.com/ipl/IPLHeadshot2022/5443.png
2023,129,2227,https://documents.iplt20.com/ipl/IPLHeadshot2024/206.png
2023,129,37,-
2023,129,27,-
2023,129,2701,https://documents.iplt20.com/ipl/IPLHeadshot2025/211.png
2023,129,348,https://documents.iplt20.com/ipl/IPLHeadshot2025/46.png
2023,129,38,https://documents.iplt20.com/ipl/IPLHeadshot2025/57.png
2023,129,2947,-
2023,615,69,-
2023,615,1580,https://documents.iplt20.com/ipl/IPLHeadshot2025/62.png
2023,615,6999,https://documents.iplt20.com/ipl/IPLHeadshot2025/976.png
2023,615,30,-
2023,615,293,https://documents.iplt20.com/ipl/IPLHeadshot2024/61.png
2023,615,1119,https://documents.iplt20.com/ipl/IPLHeadshot2025/120.png
2023,615,22,https://documents.iplt20.com/ipl/IPLHeadshot2025/218.png
2023,494,3747,-
2023,494,13,-
2023,494,6713,-
2023,494,6880,-
2023,494,8312,-
2023,494,2768,https://documents.iplt20.com/ipl/IPLHeadshot2024/138.png
2023,494,5407,https://documents.iplt20.com/ipl/IPLHeadshot2023/590.png
2023,6,2,-
2023,6,8321,https://documents.iplt20.com/ipl/IPLHeadshot2025/641.png
2023,6,3649,https://documents.iplt20.com/ipl/IPLHeadshot2025/160.png
2023,6,5986,https://documents.iplt20.com/ipl/IPLHeadshot2025/584.png
2023,6,26,-
2023,6,1436,https://documents.iplt20.com/ipl/IPLHeadshot2025/152.png
2023,6,1437,https://documents.iplt20.com/ipl/IPLHeadshot2025/141.png
2023,6,360,-
2023,6,65,-
2023,614,1409,https://documents.iplt20.com/ipl/IPLHeadshot2024/19.png
2023,614,8333,-
2023,614,16,https://documents.iplt20.com/ipl/IPLHeadshot2024/215.png
2023,614,28,-
2023,614,73,-
2023,614,2766,-
2023,614,6727,-
2023,614,1448,-
2023,252,1849,-
2023,252,12,-
2023,252,4960,-
2023,252,1424,-
2023,252,8349,-
2023,252,6694,-
2023,252,7192,-
2023,252,70,https://documents.iplt20.com/ipl/IPLHeadshot2025/110.png
2023,252,64,https://documents.iplt20.com/ipl/IPLHeadshot2025/14.png
2023,252,5422,-
2023,252,8355,https://documents.iplt20.com/ipl/IPLHeadshot2025/1462.png
2023,134,4104,-
2023,134,24,https://assets.iplt20.com/ipl/IPLHeadshot2022/509.png
2023,134,180,-
2023,134,4071,-
2023,134,3230,-
2023,134,2700,-
2023,134,1416,https://documents.iplt20.com/ipl/IPLHeadshot2024/45.png
2023,2,2349,-
2023,2,268,https://documents.iplt20.com/ipl/IPLHeadshot2023/188.png
2023,2,8372,-
2023,2,35,-
2023,2,613,https://documents.iplt20.com/ipl/IPLHeadshot2024/20.png
2023,2,6033,-
2023,2,4099,-
2023,2,6520,-
2023,2,20,https://documents.iplt20.com/playerheadshot/ipl/210/116.png
2023,2,6017,-
2023,3,25,-
2023,3,347,-
2023,3,8383,-
2023,3,61,-
2023,3,6681,-
2023,3,8386,-
2023,3,6550,-
2023,3,7365,-
2023,3,8389,-
2023,1,332,https://documents.iplt20.com/ipl/IPLHeadshot2025/2.png
2023,1,267,https://assets.iplt20.com/ipl/IPLHeadshot2022/24.png
2023,1,49,-
2023,1,71,-
2023,614,1396,-
2023,252,8433,https://documents.iplt20.com/ipl/IPLHeadshot2025/1580.png
2023,252,4047,https://documents.iplt20.com/ipl/IPLHeadshot2024/142.png
2023,615,72,-
2023,134,8470,-
2023,134,4098,-
2023,6,318,-
2023,1,8396,-
2023,1,1285,-
2023,1,4310,-
2023,1,5935,https://documents.iplt20.com/ipl/IPLHeadshot2024/534.png
2023,1,2142,-
2023,1,676,-
2023,1,6710,-
2023,2,6360,-
2023,2,6054,-
2023,614,6761,-
2023,252,59,https://documents.iplt20.com/ipl/IPLHeadshot2023/16.png
2023,252,5473,-
2023,3,7947,https://assets.iplt20.com/ipl/IPLHeadshot2022/20631.png
2023,3,63,-
2023,129,34,https://documents.iplt20.com/ipl/IPLHeadshot2024/44.png
2023,615,6739,-
2023,6,4339,-
2023,494,8597,-
2023,494,3495,-
2023,494,163,-
2023,494,6245,https://documents.iplt20.com/ipl/IPLHeadshot2023/633.png
2023,494,8605,-
2023,614,438,-
2023,614,4059,-
2023,614,1286,-
2023,252,8646,-
2023,252,297,https://documents.iplt20.com/ipl/IPLHeadshot2025/258.png
2023,2,1740,-
2023,134,42,-
2023,494,7476,-
2023,1,1986,https://documents.iplt20.com/ipl/IPLHeadshot2023/184.png
2023,614,8769,-
2023,494,8773,-
2023,494,8776,-
2023,494,590,https://documents.iplt20.com/ipl/IPLHeadshot2024/116.png
2023,134,66,-
2023,1,7134,-
2023,1,8626,-
2023,1,5980,-
2023,2,5343,-
2023,2,1386,-
2023,494,3284,-
2023,6,45,-
2023,6,8930,-
2023,6,2825,-
2023,252,8945,-
2023,3,1833,-
2023,1,8748,-
2023,1,538,https://documents.iplt20.com/ipl/IPLHeadshot2024/63.png
2023,134,9044,-
2023,6,9069,-
2023,252,6287,-
2023,252,308,https://documents.iplt20.com/ipl/IPLHeadshot2024/50.png
2023,3,8805,-
2023,3,3011,-
2023,3,5411,-
2023,494,3388,-
2023,2,9225,-
2023,252,4097,-
2023,1,4664,-
2023,614,185,-
2023,614,8890,-
2023,614,68,-
2023,614,7902,-
2023,6,7546,-
2023,6,6885,-
2023,134,76,-
2023,614,1421,https://documents.iplt20.com/ipl/IPLHeadshot2024/170.png
2023,614,74,-
2023,1,4,-
2023,129,41,-
2023,129,4146,-
2023,3,171,-
2023,615,8809,https://documents.iplt20.com/ipl/IPLHeadshot2024/975.png
2023,615,3100,-
2023,614,8191,-
2023,252,4970,-
2023,134,9508,-
2023,134,2023,-
2023,615,9748,https://documents.iplt20.com/ipl/IPLHeadshot2025/375.png
2023,615,460,https://documents.iplt20.com/ipl/IPLHeadshot2023/47.png
2023,615,75,https://documents.iplt20.com/playerheadshot/ipl/210/1107.png
2023,2,9759,-
2023,2,7843,-
2024,129,2701,https://documents.iplt20.com/ipl/IPLHeadshot2025/211.png
2023,2,9524,-
2023,615,7005,https://documents.iplt20.com/ipl/IPLHeadshot2024/127.png
2023,3,1327,-
2023,614,6730,-
2024,6,8945,-
2023,3,7621,-
2024,1,332,https://documents.iplt20.com/ipl/IPLHeadshot2025/2.png
2024,1,267,https://assets.iplt20.com/ipl/IPLHeadshot2022/24.png
2024,1,5349,-
2024,1,71,-
2024,1,8383,-
2024,1,5935,https://documents.iplt20.com/ipl/IPLHeadshot2024/534.png
2024,1,49,-
2024,129,4119,https://assets.iplt20.com/ipl/IPLHeadshot2022/5443.png
2024,129,10065,https://documents.iplt20.com/ipl/IPLHeadshot2025/724.png
2024,129,34,https://documents.iplt20.com/ipl/IPLHeadshot2024/44.png
2024,129,7496,-
2024,129,348,https://documents.iplt20.com/ipl/IPLHeadshot2025/46.png
2024,252,12,-
2024,252,4960,-
2024,252,10078,-
2024,252,181,-
2024,252,1805,-
2024,252,7947,https://documents.iplt20.com/ipl/IPLHeadshot2025/1017.png
2024,252,70,https://documents.iplt20.com/ipl/IPLHeadshot2025/110.png
2024,252,10083,-
2024,252,8433,https://documents.iplt20.com/ipl/IPLHeadshot2025/1580.png
2024,252,64,https://documents.iplt20.com/ipl/IPLHeadshot2025/14.png
2024,494,13,-
2024,494,2719,-
2024,494,3747,-
2024,494,2768,https://documents.iplt20.com/ipl/IPLHeadshot2024/138.png
2024,494,6880,-
2024,494,3284,-
2024,494,7024,-
2024,494,3495,-
2024,6,65,-
2024,6,5986,https://documents.iplt20.com/ipl/IPLHeadshot2025/584.png
2024,6,389,-
2024,6,26,-
2024,6,7036,https://documents.iplt20.com/ipl/IPLHeadshot2025/991.png
2024,6,1436,https://documents.iplt20.com/ipl/IPLHeadshot2025/152.png
2024,6,1437,https://documents.iplt20.com/ipl/IPLHeadshot2025/141.png
2024,6,10109,https://documents.iplt20.com/ipl/IPLHeadshot2024/31.png
2024,2,35,-
2024,2,2349,-
2024,2,268,https://documents.iplt20.com/ipl/IPLHeadshot2024/188.png
2024,2,6054,-
2024,2,1740,-
2024,2,4099,-
2024,2,4310,-
2024,2,5343,-
2024,2,184,-
2024,134,4104,-
2024,134,24,https://assets.iplt20.com/ipl/IPLHeadshot2022/509.png
2024,134,180,-
2024,134,3230,-
2024,134,2700,-
2024,134,8470,-
2024,614,1421,https://documents.iplt20.com/ipl/IPLHeadshot2024/170.png
2024,614,4071,-
2024,614,1409,https://documents.iplt20.com/ipl/IPLHeadshot2024/19.png
2024,614,6727,-
2024,614,16,https://documents.iplt20.com/ipl/IPLHeadshot2024/215.png
2024,614,2766,-
2024,614,73,-
2024,614,28,-
2024,615,69,-
2024,615,1580,https://documents.iplt20.com/ipl/IPLHeadshot2025/62.png
2024,615,6999,https://documents.iplt20.com/ipl/IPLHeadshot2025/976.png
2024,615,10152,-
2024,615,72,-
2024,615,293,https://documents.iplt20.com/ipl/IPLHeadshot2024/61.png
2024,615,1119,https://documents.iplt20.com/ipl/IPLHeadshot2025/120.png
2024,615,22,https://documents.iplt20.com/ipl/IPLHeadshot2025/218.png
2024,3,347,-
2024,3,10163,-
2024,3,25,-
2024,3,6944,https://documents.iplt20.com/ipl/IPLHeadshot2025/797.png
2024,3,6681,-
2024,3,6550,-
2024,3,10168,https://documents.iplt20.com/ipl/IPLHeadshot2024/2535.png
2024,3,30,-
2024,3,63,-
2024,3,33,-
2024,3,10169,-
2024,1,1986,https://documents.iplt20.com/ipl/IPLHeadshot2023/184.png
2024,129,10070,https://documents.iplt20.com/ipl/IPLHeadshot2024/1229.png
2024,615,318,-
2024,615,10159,-
2024,2,3,-
2024,3,6761,-
2024,134,1416,https://documents.iplt20.com/ipl/IPLHeadshot2024/45.png
2024,614,4059,-
2024,614,6730,-
2024,2,613,https://documents.iplt20.com/ipl/IPLHeadshot2024/20.png
2024,252,1849,-
2024,129,38,https://documents.iplt20.com/ipl/IPLHeadshot2025/57.png
2024,3,9371,-
2024,134,10382,-
2024,1,8953,-
2024,1,8400,-
2024,1,538,https://documents.iplt20.com/ipl/IPLHeadshot2024/63.png
2024,6,10291,https://documents.iplt20.com/ipl/IPLHeadshot2025/787.png
2024,252,2760,-
2024,252,4047,https://documents.iplt20.com/ipl/IPLHeadshot2024/142.png
2024,252,308,https://documents.iplt20.com/ipl/IPLHeadshot2024/50.png
2024,615,531,-
2024,494,8312,-
2024,494,10456,https://documents.iplt20.com/ipl/IPLHeadshot2024/3109.png
2024,2,9824,-
2024,1,10488,-
2024,3,61,-
2024,252,5473,-
2024,252,10528,https://documents.iplt20.com/ipl/IPLHeadshot2025/3101.png
2024,252,5408,-
2024,615,10548,-
2024,615,7005,https://documents.iplt20.com/ipl/IPLHeadshot2024/127.png
2024,615,8809,https://documents.iplt20.com/ipl/IPLHeadshot2024/975.png
2024,6,3649,https://documents.iplt20.com/ipl/IPLHeadshot2025/160.png
2024,6,6885,-
2024,2,20,https://documents.iplt20.com/playerheadshot/ipl/210/116.png
2024,2,438,-
2024,615,6734,-
2024,615,6739,-
2024,615,5407,https://documents.iplt20.com/ipl/IPLHeadshot2025/590.png
2024,1,10630,-
2024,1,8748,-
2024,1,6710,-
2024,614,8389,-
2024,252,10667,-
2024,494,8773,-
2024,134,10690,-
2024,134,6694,-
2024,134,10604,-
2024,614,10707,https://documents.iplt20.com/ipl/IPLHeadshot2025/988.png
2024,3,491,-
2024,134,66,-
2024,615,75,https://documents.iplt20.com/playerheadshot/ipl/210/1107.png
2024,494,8349,-
2024,494,8776,-
2024,494,1285,https://documents.iplt20.com/ipl/IPLHeadshot2024/114.png
2024,494,590,https://documents.iplt20.com/ipl/IPLHeadshot2024/116.png
2024,129,2227,https://documents.iplt20.com/ipl/IPLHeadshot2024/206.png
2024,252,8355,https://documents.iplt20.com/ipl/IPLHeadshot2025/1462.png
2024,1,7134,-
2024,1,676,-
2024,1,361,-
2024,3,8386,-
2024,615,7895,https://documents.iplt20.com/ipl/IPLHeadshot2025/544.png
2024,1,74,-
2024,3,10160,-
2024,2,6360,-
2024,252,11068,-
2024,614,11192,-
2024,614,3393,-
2024,6,59,https://documents.iplt20.com/ipl/IPLHeadshot2025/16.png
2024,615,11282,https://documents.iplt20.com/ipl/IPLHeadshot2025/2443.png
2024,129,2947,-
2024,129,360,-
2024,129,4146,-
2024,129,11212,-
2024,494,163,-
2024,614,8769,-
2024,2,9759,-
2024,252,11376,-
2024,134,11389,https://documents.iplt20.com/ipl/IPLHeadshot2024/2033.png
2024,134,1286,-
2024,494,3388,-
2024,3,11366,https://documents.iplt20.com/ipl/IPLHeadshot2024/3106.png
2025,1,4071,-
2024,614,8890,-
2024,134,11562,-
2025,134,10382,-
2025,134,2700,-
2024,494,11640,-
2024,2,11416,-
2024,6,8321,https://documents.iplt20.com/ipl/IPLHeadshot2025/641.png
2025,6,1421,https://documents.iplt20.com/ipl/IPLHeadshot2025/170.png
2025,6,34,https://documents.iplt20.com/ipl/IPLHeadshot2025/44.png
2025,6,65,-
2025,6,5986,https://documents.iplt20.com/ipl/IPLHeadshot2025/584.png
2025,6,10291,https://documents.iplt20.com/ipl/IPLHeadshot2025/787.png
2025,6,1436,https://documents.iplt20.com/ipl/IPLHeadshot2025/152.png
2025,252,70,https://documents.iplt20.com/ipl/IPLHeadshot2025/110.png
2025,6,1437,https://documents.iplt20.com/ipl/IPLHeadshot2025/141.png
2025,6,7036,https://documents.iplt20.com/ipl/IPLHeadshot2025/991.png
2025,6,7546,-
2025,6,10159,-
2025,1,8945,-
2025,1,332,https://documents.iplt20.com/ipl/IPLHeadshot2025/2.png
2025,1,5349,-
2025,1,3284,-
2025,2,2349,-
2025,2,3,-
2025,2,347,-
2025,2,9824,-
2025,2,1740,-
2025,2,11781,-
2025,2,6739,-
2025,2,184,-
2025,134,4104,-
2025,134,180,-
2025,134,3230,-
2025,134,26,-
2025,134,8470,-
2025,134,1833,-
2025,3,25,-
2025,3,10630,-
2025,3,11801,-
2025,3,61,-
2025,3,6681,-
2025,3,11805,-
2025,3,10163,-
2025,3,2947,-
2025,3,41,-
2025,3,66,-
2025,3,11810,-
2025,129,10065,https://documents.iplt20.com/ipl/IPLHeadshot2025/724.png
2025,129,268,https://documents.iplt20.com/ipl/IPLHeadshot2025/188.png
2025,129,4119,https://assets.iplt20.com/ipl/IPLHeadshot2022/5443.png
2025,129,2701,https://documents.iplt20.com/ipl/IPLHeadshot2025/211.png
2025,129,16,https://documents.iplt20.com/ipl/IPLHeadshot2025/215.png
2025,129,2768,https://documents.iplt20.com/ipl/IPLHeadshot2025/138.png
2025,129,348,https://documents.iplt20.com/ipl/IPLHeadshot2025/46.png
2025,129,38,https://documents.iplt20.com/ipl/IPLHeadshot2025/57.png
2025,614,6054,-
2025,614,4960,-
2025,614,2766,-
2025,614,181,-
2025,614,72,-
2025,614,6727,-
2025,614,360,-
2025,614,4310,-
2025,614,4059,-
2025,252,10667,-
2025,252,267,https://documents.iplt20.com/ipl/IPLHeadshot2025/94.png
2025,252,8433,https://documents.iplt20.com/ipl/IPLHeadshot2025/1580.png
2025,252,10070,https://documents.iplt20.com/ipl/IPLHeadshot2025/1229.png
2025,252,7947,https://documents.iplt20.com/ipl/IPLHeadshot2025/1017.png
2025,252,10456,https://documents.iplt20.com/ipl/IPLHeadshot2025/3109.png
2025,252,11843,https://documents.iplt20.com/ipl/IPLHeadshot2025/3560.png
2025,252,10109,https://documents.iplt20.com/ipl/IPLHeadshot2025/31.png
2025,252,64,https://documents.iplt20.com/ipl/IPLHeadshot2025/14.png
2025,252,75,https://documents.iplt20.com/ipl/IPLHeadshot2025/100.png
2025,494,11847,-
2025,494,3747,-
2025,494,389,-
2025,494,10152,-
2025,494,71,-
2025,494,73,-
2025,494,7024,-
2025,615,6999,https://documents.iplt20.com/ipl/IPLHeadshot2025/976.png
2025,615,1580,https://documents.iplt20.com/ipl/IPLHeadshot2025/62.png
2025,615,24,-
2025,615,3505,https://documents.iplt20.com/ipl/IPLHeadshot2025/122.png
2025,615,1119,https://documents.iplt20.com/ipl/IPLHeadshot2025/120.png
2025,615,8389,-
2025,615,5407,https://documents.iplt20.com/ipl/IPLHeadshot2025/590.png
2025,134,5980,-
2025,134,7017,-
2025,134,4146,-
2025,6,2227,https://documents.iplt20.com/ipl/IPLHeadshot2025/206.png
2025,2,1285,-
2025,2,460,-
2025,2,7652,-
2025,614,4099,-
2008,129,11942,-
2025,1,6880,-
2025,1,6550,-
2025,1,28,-
2025,1,20,-
2025,129,1416,https://documents.iplt20.com/ipl/IPLHeadshot2025/45.png
2025,129,8809,https://documents.iplt20.com/ipl/IPLHeadshot2025/975.png
2025,615,590,https://documents.iplt20.com/ipl/IPLHeadshot2025/116.png
2025,615,22,https://documents.iplt20.com/ipl/IPLHeadshot2025/218.png
2025,615,7895,https://documents.iplt20.com/ipl/IPLHeadshot2025/544.png
2025,3,30,-
2025,2,41723,-
2008,129,47,-
2025,252,1409,https://documents.iplt20.com/ipl/IPLHeadshot2025/19.png
2025,134,7621,-
2025,129,293,https://documents.iplt20.com/ipl/IPLHeadshot2025/61.png
2025,129,41758,https://documents.iplt20.com/ipl/IPLHeadshot2025/1216.png
2008,134,11967,-
2025,6,59,https://documents.iplt20.com/ipl/IPLHeadshot2025/16.png
2025,614,1286,-
2008,134,5,-
2025,494,8386,-
2025,2,41851,-
2025,614,6710,-
2008,129,23,-
2008,129,11943,-
2008,129,38,https://documents.iplt20.com/ipl/IPLHeadshot2025/57.png
2008,129,11946,-
2008,129,11947,-
2008,494,11952,-
2008,494,11953,-
2008,494,11954,-
2008,494,15,-
2008,494,11956,-
2008,494,811,-
2008,134,11963,-
2008,134,60,-
2008,134,11966,-
2008,134,348,https://documents.iplt20.com/ipl/IPLHeadshot2025/46.png
2008,134,11969,-
2008,134,11970,-
2008,134,11971,-
2008,134,11972,-
2008,252,56,-
2008,252,11975,-
2008,252,13,-
2008,3,11985,-
2008,3,11986,-
2008,3,11987,-
2008,3,58,https://documents.iplt20.com/playerheadshot/ipl/210/127.png
2008,3,11989,-
2008,3,11990,-
2008,3,11991,-
2008,3,228,-
2008,1,11996,-
2008,1,11998,-
2008,2,12007,-
2008,2,12008,-
2008,2,12009,-
2008,2,12010,-
2008,2,25,-
2008,2,12012,-
2008,2,12013,-
2008,2,12014,-
2008,2,12015,-
2008,2,12016,-
2008,6,69,-
2008,6,11924,-
2008,494,12032,-
2008,494,12035,-
2008,494,11959,-
2008,494,63,-
2008,494,11961,-
2008,134,12041,-
2008,2,12056,-
2008,3,1393,-
2008,3,11993,-
2008,3,21,-
2008,134,12107,-
2008,134,12046,-
2008,494,12121,-
2008,494,11962,-
2008,494,12127,-
2008,3,1233,-
2008,3,54,-
2008,1,1242,-
2008,6,11926,-
2008,6,11928,-
2008,6,308,https://documents.iplt20.com/ipl/IPLHeadshot2024/50.png
2008,3,34,https://documents.iplt20.com/ipl/IPLHeadshot2025/44.png
2008,252,12065,-
2008,252,39,-
2008,252,49,-
2008,252,40,-
2008,252,11982,-
2008,252,12071,-
2008,494,12221,-
2008,1,12238,-
2008,1,3451,-
2008,6,12252,-
2008,3,59,https://assets.iplt20.com/ipl/IPLHeadshot2022/123.png
2008,2,12295,-
2008,2,12193,-
2008,2,12105,-
2008,494,541,-
2008,134,12327,-
2008,134,12147,-
2008,6,12315,-
2008,6,12318,-
2008,6,12323,-
2008,6,43,-
2008,129,12338,-
2008,129,12339,-
2008,129,12234,-
2008,252,245,-
2008,2,12362,-
2008,2,12364,-
2008,1,12372,-
2008,3,12414,-
2008,3,12422,-
2008,252,900,-
2008,252,12070,-
2008,252,11984,-
2008,129,11948,-
2008,129,51,-
2008,129,11951,-
2008,129,12345,-
2008,1,12465,-
2008,1,12160,-
2008,129,12471,-
2008,134,418,-
2008,129,12518,-
2008,6,12535,-
2008,6,12539,-
2008,1,12546,-
2008,2,12017,-
2008,1,2295,-
2008,3,12580,-
2008,494,12454,-
2008,252,12650,-
2008,252,185,-
2008,134,12661,-
2008,134,12572,-
2008,494,12669,-
2008,6,173,-
2008,134,12746,-
2008,2,12765,-
2008,2,12369,-
2008,6,12710,-
2008,1,12842,-
2008,2,12850,-
2008,3,50,-
2008,3,12204,-
2008,3,12269,-
2008,3,12093,-
2008,129,12523,-
2008,129,13026,-
2009,129,47,-
2009,134,60,-
2009,3,1233,-
2008,494,12738,-
2009,3,11986,-
2009,3,12580,-
2009,3,13,-
2009,3,1964,-
2009,3,1393,-
2009,3,11990,-
2009,3,228,-
2009,3,187,-
2009,129,23,-
2009,129,11942,-
2009,129,13198,-
2009,129,38,https://documents.iplt20.com/ipl/IPLHeadshot2025/57.png
2009,129,11946,-
2009,129,11947,-
2009,129,11948,-
2009,129,13203,-
2009,1,13228,-
2009,1,11998,-
2009,1,13231,-
2009,1,58,https://documents.iplt20.com/playerheadshot/ipl/210/127.png
2009,1,11930,-
2009,1,332,https://documents.iplt20.com/ipl/IPLHeadshot2025/2.png
2009,1,11936,-
2009,1,52,-
2009,1,1242,-
2009,134,12107,-
2009,134,12327,-
2009,134,12572,-
2009,134,13220,-
2009,2,13497,-
2009,134,12661,-
2009,134,348,https://documents.iplt20.com/ipl/IPLHeadshot2025/46.png
2009,134,11971,-
2009,2,25,-
2009,134,11969,-
2009,134,418,-
2009,134,13227,-
2009,494,13250,-
2009,494,11952,-
2009,494,11954,-
2009,494,15,-
2009,494,12032,-
2009,494,811,-
2009,252,56,-
2009,252,11975,-
2009,6,46,-
2009,6,1,https://documents.iplt20.com/playerheadshot/ipl/210/236.png
2009,6,11919,-
2009,6,12318,-
2009,6,12535,-
2009,6,11924,-
2009,6,14,-
2009,6,11926,-
2009,6,11928,-
2009,6,308,https://documents.iplt20.com/ipl/IPLHeadshot2024/50.png
2009,6,43,-
2009,2,12007,-
2009,2,12295,-
2009,2,12009,-
2009,129,12234,-
2009,1,11933,-
2009,1,13301,-
2009,1,3451,-
2009,1,12160,-
2009,494,11963,-
2009,494,63,-
2009,2,12012,-
2009,2,12008,-
2009,2,12364,-
2009,2,13271,-
2009,1,676,-
2009,252,245,-
2009,252,12650,-
2009,252,49,-
2009,252,39,-
2009,129,51,-
2009,129,11951,-
2009,134,13383,-
2009,134,13384,-
2009,134,13388,-
2009,6,12014,-
2009,6,13320,-
2009,1,12046,-
2009,2,50,-
2009,2,12016,-
2009,2,12017,-
2009,3,11989,-
2009,1,11935,-
2009,252,11980,-
2009,494,11961,-
2009,6,13508,-
2009,6,13083,-
2009,252,11981,-
2009,252,185,-
2009,252,900,-
2009,6,13551,-
2009,6,69,-
2009,1,2295,-
2009,1,13563,-
2009,1,59,https://assets.iplt20.com/ipl/IPLHeadshot2022/123.png
2009,494,12738,-
2009,2,13595,-
2009,2,13502,-
2009,134,11972,-
2009,3,13651,-
2009,3,34,https://documents.iplt20.com/ipl/IPLHeadshot2025/44.png
2009,1,13458,-
2009,494,11956,-
2009,494,12221,-
2009,134,13692,-
2009,134,18,-
2009,134,13698,-
2009,129,1630,-
2009,129,53,-
2009,129,12523,-
2009,252,12,-
2009,252,40,-
2009,494,12035,-
2009,1,11931,-
2009,2,13785,-
2009,494,11962,-
2009,3,12422,-
2009,3,54,-
2009,1,13763,-
2009,3,11985,-
2009,2,12010,-
2009,494,11959,-
2009,2,12015,-
2009,134,13863,-
2009,6,11922,-
2009,6,457,-
2009,494,12669,-
2009,134,12204,-
2009,134,14136,-
2009,3,12414,-
2009,3,13973,-
2009,3,230,https://documents.iplt20.com/playerheadshot/ipl/210/211.png
2009,252,11982,-
2009,252,21,-
2009,6,14201,-
2009,134,13810,-
2009,129,13882,-
2009,252,14278,-
2009,252,14279,-
2009,6,14206,-
2009,129,1416,https://documents.iplt20.com/ipl/IPLHeadshot2025/45.png
2009,3,14353,-
2010,6,12318,-
2010,6,39,-
2010,6,11919,-
2010,6,14463,-
2010,6,14464,-
2010,6,457,-
2010,2,12007,-
2010,2,12009,-
2010,2,12295,-
2010,2,12010,-
2010,2,25,-
2010,2,14454,-
2010,2,13595,-
2010,2,12015,-
2010,2,14216,-
2010,3,11986,-
2010,3,12580,-
2010,3,177,-
2010,3,1233,-
2010,3,27,-
2010,3,14476,-
2010,3,228,-
2010,3,14478,-
2010,134,12107,-
2010,134,18,-
2010,134,14485,-
2010,134,60,-
2010,134,14487,-
2010,134,12661,-
2010,134,14489,-
2010,134,11971,-
2010,494,13250,-
2010,494,14505,-
2010,494,11954,-
2010,494,15,-
2010,494,12032,-
2010,494,811,-
2010,494,11966,-
2010,494,63,-
2010,494,12738,-
2010,494,11962,-
2010,494,13260,-
2010,252,56,-
2010,252,11975,-
2010,252,12650,-
2010,252,245,-
2010,252,49,-
2010,252,11980,-
2010,252,11982,-
2010,1,11933,-
2010,1,2295,-
2010,1,59,https://assets.iplt20.com/ipl/IPLHeadshot2022/123.png
2010,1,332,https://documents.iplt20.com/ipl/IPLHeadshot2025/2.png
2010,1,400,-
2010,1,11930,-
2010,1,58,https://documents.iplt20.com/playerheadshot/ipl/210/127.png
2010,1,13563,-
2010,1,52,-
2010,129,1630,-
2010,129,11942,-
2010,129,47,-
2010,129,11947,-
2010,129,14541,-
2010,129,38,https://documents.iplt20.com/ipl/IPLHeadshot2025/57.png
2010,129,12234,-
2010,129,1416,https://documents.iplt20.com/ipl/IPLHeadshot2025/45.png
2010,129,12523,-
2010,129,11951,-
2010,129,13620,-
2010,134,12327,-
2010,6,69,-
2010,6,11924,-
2010,6,14520,-
2010,6,14622,-
2010,6,11928,-
2010,6,308,https://documents.iplt20.com/ipl/IPLHeadshot2024/50.png
2010,3,29,-
2010,3,1393,-
2010,252,185,-
2010,252,900,-
2010,252,14567,-
2010,252,13245,-
2010,134,14648,-
2010,134,14649,-
2010,134,14653,-
2010,134,13863,-
2010,134,418,-
2010,134,11972,-
2010,252,12,-
2010,252,40,-
2010,129,23,-
2010,2,12016,-
2010,494,14707,-
2010,494,19,-
2010,134,14726,-
2010,134,14729,-
2010,3,187,-
2010,2,14757,-
2010,2,12008,-
2010,252,14,-
2010,252,14279,-
2010,252,318,-
2010,494,14798,-
2010,129,51,-
2010,6,1,https://documents.iplt20.com/playerheadshot/ipl/210/236.png
2010,3,13,-
2010,1,11935,-
2010,129,13882,-
2010,494,14712,-
2010,2,14765,-
2010,6,2,-
2010,6,11922,-
2010,494,11952,-
2010,494,11959,-
2010,252,4,-
2010,252,14278,-
2010,1,1242,-
2010,1,3451,-
2010,1,12160,-
2010,134,14492,-
2010,129,14961,-
2010,129,13203,-
2010,2,14985,-
2010,252,15003,-
2010,6,11926,-
2010,6,14303,-
2010,494,541,-
2010,494,13258,-
2010,1,13231,-
2010,1,11934,-
2010,134,5,-
2010,134,13388,-
2010,2,13785,-
2010,2,12017,-
2010,252,11981,-
2010,1,11998,-
2010,1,13986,-
2010,1,13458,-
2010,134,15239,-
2010,2,50,-
2010,2,13497,-
2010,129,11943,-
2010,3,15261,-
2010,6,46,-
2010,3,1964,-
2010,494,15334,-
2010,129,15140,-
2010,6,43,-
2010,6,13083,-
2010,1,15384,-
2010,252,21,-
2010,2,15368,-
2010,3,15472,-
2010,6,173,-
2010,134,15507,-
2010,2,4960,-
2010,3,11990,-
2010,1,12046,-
2010,134,48,-
2010,3,7,-
2010,129,12471,-
2010,2,13267,-
2010,3,12269,-
2010,3,230,https://documents.iplt20.com/playerheadshot/ipl/210/211.png
2011,129,12471,-
2011,129,1630,-
2011,129,47,-
2011,129,38,https://documents.iplt20.com/ipl/IPLHeadshot2025/57.png
2011,129,12234,-
2011,129,12012,-
2011,6,14505,-
2011,6,11933,-
2011,6,60,-
2011,6,39,-
2011,6,400,-
2011,6,56,-
2011,6,11924,-
2011,134,11998,-
2011,6,173,-
2011,6,40,-
2011,2,13,-
2011,2,1314,-
2011,2,11954,-
2011,2,12238,-
2011,2,1964,-
2011,2,161,-
2011,2,12364,-
2011,2,3451,-
2011,2,185,-
2011,2,308,https://documents.iplt20.com/ipl/IPLHeadshot2024/50.png
2011,134,15507,-
2011,134,11930,-
2011,134,14136,-
2011,1414,46,-
2011,1414,12009,-
2011,1414,12032,-
2011,1414,12318,-
2011,1414,348,https://documents.iplt20.com/ipl/IPLHeadshot2025/46.png
2011,1414,15818,-
2011,1414,23,-
2011,1,35,-
2011,1,12650,-
2011,1,332,https://documents.iplt20.com/ipl/IPLHeadshot2025/2.png
2011,1,245,-
2011,1,1233,-
2011,1,15829,-
2011,252,12,-
2011,252,11975,-
2011,252,15837,-
2011,252,48,-
2011,252,18,-
2011,252,12008,-
2011,252,811,-
2011,252,13563,-
2011,252,13863,-
2011,252,318,-
2011,252,43,-
2011,3,15846,-
2011,3,12580,-
2011,3,27,-
2011,3,25,-
2011,494,12007,-
2011,494,541,-
2011,494,13383,-
2011,494,49,-
2011,494,11990,-
2011,494,15862,-
2011,494,14478,-
2011,494,63,-
2011,494,52,-
2011,494,15866,-
2011,1419,12107,-
2011,1419,11980,-
2011,1419,13228,-
2011,1419,58,https://documents.iplt20.com/playerheadshot/ipl/210/127.png
2011,1419,15,-
2011,134,15807,-
2011,134,34,https://documents.iplt20.com/playerheadshot/ipl/210/135.png
2011,129,11947,-
2011,1414,1242,-
2011,1414,11962,-
2011,1414,12016,-
2011,1419,14757,-
2011,1419,8626,-
2011,1419,14765,-
2011,2,12035,-
2011,1,187,-
2011,1,14463,-
2011,1,16007,-
2011,1,16009,-
2011,1,11981,-
2011,1,8,-
2011,134,5,-
2011,129,11943,-
2011,2,51,-
2011,252,6734,-
2011,252,11953,-
2011,134,14726,-
2011,134,13388,-
2011,134,11971,-
2011,134,13810,-
2011,134,14492,-
2011,134,11972,-
2011,2,11934,-
2011,252,14279,-
2011,1419,16199,-
2011,1419,11928,-
2011,1419,15150,-
2011,1419,15878,-
2011,3,15851,-
2011,3,12010,-
2011,1414,4,-
2011,1414,12738,-
2011,6,579,-
2011,6,11959,-
2011,6,12523,-
2011,134,12327,-
2011,134,7,-
2011,134,16249,-
2011,3,14476,-
2011,3,29,-
2011,129,1416,https://documents.iplt20.com/ipl/IPLHeadshot2025/45.png
2011,129,11948,-
2011,129,15779,-
2011,129,15140,-
2011,6,16276,-
2011,1,1,https://documents.iplt20.com/playerheadshot/ipl/210/236.png
2011,494,11922,-
2011,494,13785,-
2011,1414,14873,-
2011,1414,11951,-
2011,1,11966,-
2011,1419,59,https://assets.iplt20.com/ipl/IPLHeadshot2022/123.png
2011,1419,16380,-
2011,1419,16382,-
2011,1,13986,-
2011,1,16296,-
2011,1419,4960,-
2011,6,2295,-
2011,6,15896,-
2011,252,16455,-
2011,3,228,-
2011,3,230,https://documents.iplt20.com/playerheadshot/ipl/210/211.png
2011,3,14481,-
2011,1419,8776,-
2011,1414,16529,-
2011,1414,11936,-
2011,494,19,-
2011,3,16693,-
2011,3,13595,-
2011,1419,14485,-
2011,6,11935,-
2011,2,16743,-
2011,494,15339,-
2011,252,2743,-
2011,252,11926,-
2011,252,186,-
2011,1414,16648,-
2011,494,2,-
2011,494,12204,-
2011,494,14712,-
2011,1419,16862,-
2011,1419,11919,-
2011,3,54,-
2011,3,418,-
2011,252,14278,-
2011,1414,14464,-
2011,1,12669,-
2011,1,14961,-
2011,2,14648,-
2011,252,15384,-
2011,252,241,-
2011,134,11989,-
2011,134,11946,-
2011,134,33972,-
2011,134,15745,-
2011,1419,20,-
2011,1,14303,-
2011,129,69,-
2011,1414,33963,-
2011,1419,34058,-
2011,494,15867,-
2011,129,1393,https://documents.iplt20.com/playerheadshot/ipl/210/25.png
2011,3,15261,-
2012,6,12252,-
2012,129,267,https://documents.iplt20.com/playerheadshot/ipl/210/24.png
2012,129,1630,-
2012,129,47,-
2012,129,1393,https://documents.iplt20.com/playerheadshot/ipl/210/25.png
2012,129,12234,-
2012,129,11947,-
2012,129,38,https://documents.iplt20.com/ipl/IPLHeadshot2025/57.png
2012,129,348,https://documents.iplt20.com/ipl/IPLHeadshot2025/46.png
2012,129,1416,https://documents.iplt20.com/ipl/IPLHeadshot2025/45.png
2012,129,53,-
2012,129,15140,-
2012,3,34272,-
2012,3,12580,-
2012,3,25,-
2012,3,27,-
2012,3,15851,-
2012,6,46,-
2012,6,11933,-
2012,6,56,-
2012,6,39,-
2012,6,60,-
2012,6,11924,-
2012,6,40,-
2012,6,11959,-
2012,6,173,-
2012,252,48,-
2012,252,11975,-
2012,252,811,-
2012,252,71,-
2012,1419,59,https://assets.iplt20.com/ipl/IPLHeadshot2022/123.png
2012,1419,8626,-
2012,1419,11919,-
2012,1419,58,https://documents.iplt20.com/playerheadshot/ipl/210/127.png
2012,1419,16862,-
2012,1419,36,-
2012,1419,963,-
2012,1419,20,-
2012,1419,11928,-
2012,3,49,-
2012,3,61,-
2012,3,29,-
2012,3,228,-
2012,3,230,https://documents.iplt20.com/playerheadshot/ipl/210/211.png
2012,3,12017,-
2012,3,418,-
2012,134,11930,-
2012,134,34,https://documents.iplt20.com/playerheadshot/ipl/210/135.png
2012,134,15807,-
2012,134,12318,-
2012,134,14464,-
2012,134,34343,-
2012,494,12007,-
2012,494,13383,-
2012,494,541,-
2012,494,11990,-
2012,494,2,-
2012,494,11922,-
2012,494,19,-
2012,494,63,-
2012,494,569,-
2012,494,52,-
2012,494,13267,-
2012,1,14278,-
2012,1,14463,-
2012,1,332,https://documents.iplt20.com/ipl/IPLHeadshot2025/2.png
2012,1,245,-
2012,1,1233,-
2012,1,35,-
2012,1,11981,-
2012,1,1242,-
2012,1,1285,-
2012,252,18,-
2012,252,12008,-
2012,252,14279,-
2012,252,34356,-
2012,252,13863,-
2012,2,34382,-
2012,2,13,-
2012,2,23,-
2012,2,11934,-
2012,2,12238,-
2012,2,161,-
2012,2,51,-
2012,2,12364,-
2012,2,3451,-
2012,2,359,-
2012,134,2295,-
2012,6,65,-
2012,1419,13228,-
2012,1419,14765,-
2012,494,12661,-
2012,2,11954,-
2012,2,185,-
2012,3,13595,-
2012,6,14505,-
2012,6,15896,-
2012,6,579,-
2012,1,1,https://documents.iplt20.com/playerheadshot/ipl/210/236.png
2012,1,187,-
2012,252,13231,-
2012,252,12032,-
2012,134,14136,-
2012,134,33972,-
2012,134,13810,-
2012,134,11972,-
2012,134,34522,-
2012,1,34530,-
2012,1419,457,-
2012,1419,11980,-
2012,1419,21,-
2012,1419,43,-
2012,2,1964,-
2012,2,14485,-
2012,252,11998,-
2012,494,14487,-
2012,494,15867,-
2012,1,11966,-
2012,1,8,-
2012,1,11951,-
2012,3,15846,-
2012,3,34697,-
2012,3,12016,-
2012,134,16249,-
2012,1,12650,-
2012,252,12,-
2012,494,34811,-
2012,494,72,-
2012,494,34817,-
2012,252,172,-
2012,3,14873,-
2012,2,1314,-
2012,134,7,-
2012,3,34983,-
2012,1419,15878,-
2012,3,16693,-
2012,129,69,-
2012,129,16414,-
2012,2,34774,-
2012,2,34601,-
2012,129,11943,-
2012,2,35146,-
2012,1419,35153,-
2012,134,5,-
2012,1,15829,-
2012,494,546,-
2012,494,13785,-
2012,3,50,-
2012,1,16296,-
2012,252,186,-
2012,252,241,-
2012,1419,35364,-
2012,494,12204,-
2012,2,35322,-
2012,2,14798,-
2012,129,12471,-
2012,1419,14757,-
2012,1419,35459,-
2012,3,12295,-
2012,494,34554,-
2012,252,15837,-
2012,252,1437,https://documents.iplt20.com/ipl/IPLHeadshot2025/141.png
2012,252,318,-
2012,134,34931,-
2012,2,57,-
2012,1419,8776,-
2012,1419,14481,-
2012,1,16648,-
2012,3,54,-
2012,252,35864,-
2013,1,14,-
2013,252,15837,-
2013,252,12032,-
2013,252,12,-
2013,252,35892,-
2013,252,18,-
2013,252,14136,-
2013,252,811,-
2013,252,1437,https://documents.iplt20.com/ipl/IPLHeadshot2025/141.png
2013,252,186,-
2013,252,21,-
2013,6,14505,-
2013,6,56,-
2013,6,11933,-
2013,6,39,-
2013,6,400,-
2013,6,60,-
2013,1,1,https://documents.iplt20.com/playerheadshot/ipl/210/236.png
2013,1,12650,-
2013,1,332,https://documents.iplt20.com/ipl/IPLHeadshot2025/2.png
2013,1,35,-
2013,1,161,-
2013,1,179,https://documents.iplt20.com/playerheadshot/ipl/210/276.png
2013,1,14961,-
2013,3,11921,-
2013,3,12580,-
2013,3,49,-
2013,3,25,-
2013,3,27,-
2013,3,228,-
2013,3,29,-
2013,2,35322,-
2013,2,23,-
2013,2,11954,-
2013,2,11934,-
2013,2,14873,-
2013,2,2910,-
2013,2,34774,-
2013,2,12364,-
2013,1419,58,https://documents.iplt20.com/playerheadshot/ipl/210/127.png
2013,1419,59,https://assets.iplt20.com/ipl/IPLHeadshot2022/123.png
2013,1419,963,-
2013,1419,15,-
2013,1419,11998,-
2013,1419,11990,-
2013,1419,4960,-
2013,1419,457,-
2013,1419,20,-
2013,1419,14765,-
2013,1419,43,-
2013,134,35966,-
2013,134,34,https://documents.iplt20.com/playerheadshot/ipl/210/135.png
2013,134,11930,-
2013,134,7,-
2013,134,12318,-
2013,134,15807,-
2013,134,34343,-
2013,134,35030,-
2013,3,50,-
2013,129,11943,-
2013,129,1630,-
2013,129,47,-
2013,129,1393,https://documents.iplt20.com/playerheadshot/ipl/210/25.png
2013,129,11947,-
2013,129,38,https://documents.iplt20.com/ipl/IPLHeadshot2025/57.png
2013,129,348,https://documents.iplt20.com/ipl/IPLHeadshot2025/46.png
2013,129,1416,https://documents.iplt20.com/ipl/IPLHeadshot2025/45.png
2013,129,1452,-
2013,129,219,-
2013,1419,13595,-
2013,494,12007,-
2013,494,2,-
2013,494,68,-
2013,494,11922,-
2013,1,1242,-
2013,1,11928,-
2013,1,438,-
2013,2,3451,-
2013,134,5,-
2013,134,16249,-
2013,134,11962,-
2013,6,11924,-
2013,6,40,-
2013,6,11959,-
2013,6,460,-
2013,6,65,-
2013,252,36069,-
2013,252,4,-
2013,252,13863,-
2013,252,318,-
2013,494,546,-
2013,494,34817,-
2013,494,14476,-
2013,494,63,-
2013,494,13785,-
2013,494,52,-
2013,494,34554,-
2013,6,14478,-
2013,6,900,-
2013,1,245,-
2013,134,569,-
2013,1419,48,-
2013,252,11975,-
2013,2,185,-
2013,1,36213,-
2013,129,182,-
2013,2,676,-
2013,134,180,-
2013,1419,36,-
2013,129,12471,-
2013,129,12234,-
2013,494,72,-
2013,494,51,-
2013,6,12252,-
2013,6,36227,-
2013,252,36311,-
2013,1,1409,https://documents.iplt20.com/playerheadshot/ipl/210/1125.png
2013,1,14278,-
2013,1,16296,-
2013,2,1421,https://documents.iplt20.com/playerheadshot/ipl/210/834.png
2013,2,35146,-
2013,3,7476,-
2013,3,604,-
2013,3,230,https://documents.iplt20.com/playerheadshot/ipl/210/211.png
2013,3,12017,-
2013,252,11926,-
2013,494,13383,-
2013,494,12661,-
2013,6,12523,-
2013,134,34931,-
2013,134,14492,-
2013,134,11972,-
2013,1,1233,-
2013,1419,34959,-
2013,1419,11980,-
2013,1419,14481,-
2013,1419,36536,-
2013,494,541,-
2013,252,36555,-
2013,2,13,-
2013,2,36609,-
2013,2,36610,-
2013,129,69,-
2013,6,46,-
2013,1,13026,-
2013,134,14464,-
2013,6,14653,-
2013,1419,5686,-
2013,494,12669,-
2013,1419,13083,-
2013,1,14463,-
2013,129,75,https://documents.iplt20.com/playerheadshot/ipl/210/1107.png
2013,6,173,-
2013,6,15896,-
2013,1419,36973,-
2013,1419,11969,-
2013,1419,8626,-
2013,1419,37119,-
2013,1419,35459,-
2013,3,71,-
2013,494,13267,-
2013,494,76,-
2013,1,13986,-
2013,252,13563,-
2013,252,495,-
2013,3,177,-
2013,134,6,-
2013,134,37031,-
2013,3,471,-
2013,1419,15818,-
2013,252,12238,-
2013,6,14487,-
2014,134,34,https://documents.iplt20.com/playerheadshot/ipl/210/135.png
2014,6,56,-
2014,6,11933,-
2014,6,59,https://documents.iplt20.com/ipl/IPLHeadshot2025/16.png
2014,6,58,https://documents.iplt20.com/playerheadshot/ipl/210/127.png
2014,6,60,-
2014,6,579,-
2014,6,61,-
2014,3,11943,-
2014,3,177,-
2014,3,27,-
2014,3,25,-
2014,3,29,-
2014,3,258,-
2014,3,228,-
2014,3,36555,-
2014,252,35,-
2014,252,1630,-
2014,252,49,-
2014,252,39,-
2014,252,1964,-
2014,252,11998,-
2014,1,23,-
2014,1,37595,-
2014,1,332,https://documents.iplt20.com/ipl/IPLHeadshot2025/2.png
2014,1,15,-
2014,129,50,-
2014,129,46,-
2014,134,7,-
2014,129,47,-
2014,129,38,https://documents.iplt20.com/ipl/IPLHeadshot2025/57.png
2014,129,1393,https://documents.iplt20.com/playerheadshot/ipl/210/25.png
2014,494,14463,-
2014,494,11975,-
2014,494,71,-
2014,494,70,https://documents.iplt20.com/playerheadshot/ipl/210/1113.png
2014,494,72,-
2014,494,13882,-
2014,2,48,-
2014,2,12,https://documents.iplt20.com/playerheadshot/ipl/210/170.png
2014,2,13,-
2014,2,1409,https://documents.iplt20.com/playerheadshot/ipl/210/1125.png
2014,2,36610,-
2014,2,12008,-
2014,2,676,-
2014,134,11990,-
2014,134,180,-
2014,134,5,-
2014,134,12318,-
2014,134,40,-
2014,134,569,-
2014,3,187,-
2014,3,230,https://documents.iplt20.com/playerheadshot/ipl/210/211.png
2014,3,12017,-
2014,3,33,-
2014,1,245,-
2014,252,4274,-
2014,134,36,-
2014,494,69,-
2014,129,267,https://documents.iplt20.com/playerheadshot/ipl/210/24.png
2014,129,348,https://documents.iplt20.com/ipl/IPLHeadshot2025/46.png
2014,129,11980,-
2014,129,1416,https://documents.iplt20.com/ipl/IPLHeadshot2025/45.png
2014,252,186,-
2014,252,460,-
2014,252,438,-
2014,494,604,-
2014,2,811,-
2014,2,3451,-
2014,2,185,-
2014,2,20,https://documents.iplt20.com/playerheadshot/ipl/210/116.png
2014,134,31,-
2014,134,54,-
2014,134,37031,-
2014,6,57,-
2014,6,1242,-
2014,1,12414,-
2014,1,12234,-
2014,252,1421,https://documents.iplt20.com/playerheadshot/ipl/210/834.png
2014,252,13231,-
2014,1,34058,-
2014,1,10109,https://documents.iplt20.com/ipl/IPLHeadshot2025/31.png
2014,1,36213,-
2014,1,43,-
2014,134,179,https://documents.iplt20.com/playerheadshot/ipl/210/276.png
2014,494,7476,-
2014,494,12523,-
2014,494,76,-
2014,6,63,-
2014,6,65,-
2014,6,318,-
2014,6,13863,-
2014,252,4,-
2014,1,1,https://documents.iplt20.com/playerheadshot/ipl/210/236.png
2014,1,241,-
2014,6,14505,-
2014,2,18,-
2014,3,37979,-
2014,6,1437,https://documents.iplt20.com/ipl/IPLHeadshot2025/141.png
2014,1,8349,-
2014,1,1285,-
2014,6,15896,-
2014,252,11924,-
2014,494,2,-
2014,2,14,-
2014,134,5686,-
2014,494,38229,-
2014,1,10,-
2014,252,35030,-
2014,3,1035,-
2014,1,38322,-
2014,134,359,-
2014,134,16249,-
2014,494,68,-
2014,134,34343,-
2014,134,17,-
2014,252,44,https://documents.iplt20.com/playerheadshot/ipl/210/898.png
2014,252,495,-
2014,129,11922,-
2014,1,15261,-
2014,134,15837,-
2014,252,8626,-
2014,494,541,-
2014,494,38548,-
2014,3,1449,https://documents.iplt20.com/ipl/IPLHeadshot2024/192.png
2014,3,34304,-
2014,134,1119,https://documents.iplt20.com/playerheadshot/ipl/210/1749.png
2014,134,13258,-
2014,2,12471,-
2014,2,4098,-
2014,494,38691,-
2014,3,52,-
2014,129,75,https://documents.iplt20.com/playerheadshot/ipl/210/1107.png
2015,3,25,-
2015,3,48,-
2015,3,177,-
2015,3,27,-
2015,3,258,-
2015,6,58,https://documents.iplt20.com/playerheadshot/ipl/210/127.png
2015,6,56,-
2015,6,59,https://documents.iplt20.com/ipl/IPLHeadshot2025/16.png
2015,6,61,-
2015,6,60,-
2015,129,50,-
2015,129,46,-
2015,129,47,-
2015,129,267,https://documents.iplt20.com/playerheadshot/ipl/210/24.png
2015,129,348,https://documents.iplt20.com/ipl/IPLHeadshot2025/46.png
2015,129,38,https://documents.iplt20.com/ipl/IPLHeadshot2025/57.png
2015,494,72,-
2015,129,1393,https://documents.iplt20.com/playerheadshot/ipl/210/25.png
2015,129,1416,https://documents.iplt20.com/ipl/IPLHeadshot2025/45.png
2015,129,75,https://documents.iplt20.com/playerheadshot/ipl/210/1107.png
2015,252,35,-
2015,252,36555,-
2015,252,12234,-
2015,252,389,-
2015,252,4,-
2015,252,15,-
2015,252,1964,-
2015,252,471,-
2015,252,185,-
2015,252,44,https://documents.iplt20.com/playerheadshot/ipl/210/898.png
2015,134,34,https://documents.iplt20.com/playerheadshot/ipl/210/135.png
2015,134,180,-
2015,134,36,-
2015,134,179,https://documents.iplt20.com/playerheadshot/ipl/210/276.png
2015,134,7,-
2015,134,569,-
2015,134,16,https://documents.iplt20.com/ipl/IPLHeadshot2024/215.png
2015,134,182,-
2015,494,11975,-
2015,494,69,-
2015,494,1630,-
2015,494,71,-
2015,494,70,https://documents.iplt20.com/playerheadshot/ipl/210/1113.png
2015,494,13882,-
2015,494,604,-
2015,494,767,-
2015,494,38691,-
2015,2,12,https://documents.iplt20.com/playerheadshot/ipl/210/170.png
2015,2,13,-
2015,2,1409,https://documents.iplt20.com/playerheadshot/ipl/210/1125.png
2015,2,18,-
2015,2,13250,-
2015,2,531,https://documents.iplt20.com/playerheadshot/ipl/210/440.png
2015,2,676,-
2015,2,37119,-
2015,6,1437,https://documents.iplt20.com/ipl/IPLHeadshot2025/141.png
2015,6,579,-
2015,1,1,https://documents.iplt20.com/playerheadshot/ipl/210/236.png
2015,1,332,https://documents.iplt20.com/ipl/IPLHeadshot2025/2.png
2015,1,49,-
2015,1,2,-
2015,1,245,-
2015,1,36610,-
2015,1,7751,-
2015,1,1285,-
2015,1,15261,-
2015,252,457,-
2015,134,31,-
2015,494,7476,-
2015,3,29,-
2015,3,3793,-
2015,3,228,-
2015,1,241,-
2015,1,10,-
2015,3,23,-
2015,3,15837,-
2015,3,1449,https://documents.iplt20.com/ipl/IPLHeadshot2024/192.png
2015,129,172,-
2015,129,21,-
2015,129,39089,-
2015,2,400,-
2015,2,34774,-
2015,3,1035,-
2015,3,1242,-
2015,2,52,-
2015,494,14873,-
2015,494,546,-
2015,6,15896,-
2015,6,63,-
2015,134,5,-
2015,3,30,-
2015,1,14505,-
2015,1,8349,-
2015,1,9069,-
2015,1,173,-
2015,252,39,-
2015,494,541,-
2015,2,14,-
2015,1,1424,-
2015,1,10109,https://documents.iplt20.com/ipl/IPLHeadshot2025/31.png
2015,3,32,-
2015,3,230,https://documents.iplt20.com/playerheadshot/ipl/210/211.png
2015,134,54,-
2015,134,37031,-
2015,2,2910,-
2015,2,3451,-
2015,2,20,https://documents.iplt20.com/playerheadshot/ipl/210/116.png
2015,494,76,-
2015,252,186,-
2015,252,38924,-
2015,494,68,-
2015,6,14136,-
2015,252,1233,-
2015,6,184,-
2015,6,318,-
2015,6,34522,-
2015,494,360,-
2015,134,14798,-
2015,1,37595,-
2015,2,19,-
2015,6,65,-
2015,252,1421,https://documents.iplt20.com/playerheadshot/ipl/210/834.png
2015,134,40,-
2015,134,359,-
2015,494,38548,-
2015,129,11943,-
2015,6,34817,-
2015,6,13863,-
2016,4,13231,-
2015,1,8,-
2016,3,1035,-
2016,3,25,-
2016,3,30,-
2016,3,24,-
2016,3,27,-
2016,3,29,-
2016,3,1449,https://documents.iplt20.com/ipl/IPLHeadshot2024/192.png
2016,3,228,-
2016,3,1242,-
2016,3,32,-
2016,4,34,https://documents.iplt20.com/ipl/IPLHeadshot2025/44.png
2016,4,267,https://assets.iplt20.com/ipl/IPLHeadshot2022/24.png
2016,252,35,-
2016,252,1421,https://documents.iplt20.com/playerheadshot/ipl/210/834.png
2016,252,389,-
2016,252,179,https://documents.iplt20.com/ipl/IPLHeadshot2025/131.png
2016,252,180,-
2016,252,172,-
2016,252,183,-
2016,252,182,-
2016,252,471,-
2016,252,185,-
2016,252,187,-
2016,6,58,https://documents.iplt20.com/playerheadshot/ipl/210/127.png
2016,6,56,-
2016,6,59,https://documents.iplt20.com/ipl/IPLHeadshot2025/16.png
2016,494,1630,-
2016,494,68,-
2016,494,72,-
2016,494,71,-
2016,494,69,-
2016,494,73,-
2016,494,70,https://documents.iplt20.com/playerheadshot/ipl/210/1113.png
2016,5,48,-
2016,5,46,-
2016,5,47,-
2016,5,49,-
2016,5,348,https://documents.iplt20.com/ipl/IPLHeadshot2025/46.png
2016,5,347,-
2016,5,1393,-
2016,1,1,https://documents.iplt20.com/playerheadshot/ipl/210/236.png
2016,1,332,https://documents.iplt20.com/ipl/IPLHeadshot2025/2.png
2016,1,245,-
2016,1,5,-
2016,1,4,-
2016,1,1424,-
2016,2,12,https://documents.iplt20.com/playerheadshot/ipl/210/170.png
2016,2,13,-
2016,2,14,-
2016,2,18,-
2016,2,16,https://documents.iplt20.com/playerheadshot/ipl/210/1556.png
2016,2,400,-
2016,2,34774,-
2016,2,676,-
2016,6,1437,https://documents.iplt20.com/ipl/IPLHeadshot2025/141.png
2016,6,60,-
2016,6,1398,-
2016,6,61,-
2016,3,23,-
2016,4,36,-
2016,4,38,https://documents.iplt20.com/ipl/IPLHeadshot2025/57.png
2016,4,4960,-
2016,4,40,-
2016,494,541,-
2016,494,604,-
2016,494,75,https://documents.iplt20.com/playerheadshot/ipl/210/1107.png
2016,494,40242,-
2016,494,76,-
2016,2,20,https://documents.iplt20.com/playerheadshot/ipl/210/116.png
2016,3,28,-
2016,3,31,-
2016,5,634,-
2016,5,569,-
2016,5,52,-
2016,5,54,-
2016,4,14873,-
2016,4,811,-
2016,4,1416,https://documents.iplt20.com/ipl/IPLHeadshot2025/45.png
2016,1,9069,-
2016,252,1964,-
2016,3,760,-
2016,494,40385,-
2016,6,579,-
2016,1,1409,https://documents.iplt20.com/playerheadshot/ipl/210/1125.png
2016,1,3,-
2016,1,7,-
2016,1,5686,-
2016,5,3451,-
2016,4,359,-
2016,4,1998,-
2016,494,2894,-
2016,494,7476,-
2016,2,177,-
2016,5,50,-
2016,4,12234,-
2016,6,14476,-
2016,6,63,-
2016,6,318,-
2016,2,19,-
2016,252,181,-
2016,6,57,-
2016,4,1233,-
2016,252,178,-
2016,252,460,-
2016,6,4098,-
2016,6,65,-
2016,2,531,https://documents.iplt20.com/playerheadshot/ipl/210/440.png
2016,1,6,-
2016,1,37119,-
2016,494,546,-
2016,494,405,-
2016,4,40725,-
2016,494,74,-
2016,252,525,https://documents.iplt20.com/playerheadshot/ipl/210/1740.png
2016,4,40895,-
2016,2,15,-
2016,4,13882,-
2016,494,67,-
2016,3,33,-
2016,494,41020,-
2016,2,494,-
2016,4,42,-
2016,3,26,-
2016,2,21,-
2016,3,15837,-
2016,5,37031,-
2016,5,55,-
2016,2,17,-
2016,252,186,-
2016,252,44,https://documents.iplt20.com/playerheadshot/ipl/210/898.png
2016,6,13863,-
2016,5,41286,-
2016,5,53,-
2016,1,173,-
2016,1,1327,-
2025,129,6657,https://documents.iplt20.com/ipl/IPLHeadshot2025/601.png
2025,494,11854,-
2025,494,5343,-
2025,494,3388,-
2025,494,361,-
2025,615,613,https://documents.iplt20.com/ipl/IPLHeadshot2025/20.png
2025,3,33,-
2025,134,76,-
2025,129,11366,https://documents.iplt20.com/ipl/IPLHeadshot2025/3106.png
2025,252,179,https://documents.iplt20.com/ipl/IPLHeadshot2025/131.png
2025,129,42206,https://documents.iplt20.com/ipl/IPLHeadshot2025/778.png
2025,494,42220,-
2025,494,42226,-
2025,6,6885,-
2017,2,21,-
2017,5,51,-
2017,5,55,-
2017,5,53,-
2017,494,77,https://documents.iplt20.com/ipl/IPLHeadshot2024/224.png
2017,1,176,-
2017,5,197,-
2017,2,297,https://documents.iplt20.com/playerheadshot/ipl/210/1594.png
2017,2,494,-
2017,252,525,https://documents.iplt20.com/playerheadshot/ipl/210/1740.png
2017,2,538,https://documents.iplt20.com/ipl/IPLHeadshot2024/63.png
2017,5,637,-
2017,5,638,-
2017,494,1120,-
2017,3,1242,-
2017,1,1286,-
2017,1,1285,-
2018,1,1429,https://documents.iplt20.com/playerheadshot/ipl/210/3835.png
2018,2,1327,-
2018,129,676,-
2018,252,1286,-
2018,129,2024,-
2018,129,2023,-
2018,129,2142,-
2018,134,359,-
2018,252,2352,-
2018,252,2353,-
2018,2,2662,https://documents.iplt20.com/playerheadshot/ipl/210/2964.png
2019,129,44,https://documents.iplt20.com/playerheadshot/ipl/210/898.png
2019,6,361,-
2019,494,219,-
2019,494,2825,-
2019,3,230,https://documents.iplt20.com/playerheadshot/ipl/210/211.png
2019,2,186,-
2019,3,3011,-
2019,129,3076,-
2019,134,3145,-
2019,494,3388,-
2019,129,676,-
2019,3,525,https://documents.iplt20.com/playerheadshot/ipl/210/1740.png
2019,1,3451,-
2019,134,3641,-
2019,3,3649,https://documents.iplt20.com/playerheadshot/ipl/210/3774.png
2019,6,3718,-
2019,1,1429,https://documents.iplt20.com/playerheadshot/ipl/210/3835.png
2020,129,63,-
2020,129,2024,-
2020,252,75,https://documents.iplt20.com/ipl/IPLHeadshot2025/100.png
2020,129,676,-
2020,6,3718,-
2020,2,196,-
2020,494,3495,-
2020,1,42,-
2020,252,185,-
2020,129,4664,-
2020,6,4771,-
2020,252,308,https://documents.iplt20.com/ipl/IPLHeadshot2024/50.png
2020,3,525,https://documents.iplt20.com/playerheadshot/ipl/210/1740.png
2020,129,2947,-
2020,2,495,-
2020,252,1286,-
2020,129,5181,-
2021,252,185,-
2021,2,77,https://documents.iplt20.com/ipl/IPLHeadshot2024/224.png
2021,494,5411,-
2021,252,5573,-
2021,494,5562,-
2021,129,2024,-
2021,1,5686,-
2021,129,44,https://documents.iplt20.com/playerheadshot/ipl/210/898.png
2021,252,308,https://documents.iplt20.com/ipl/IPLHeadshot2024/50.png
2021,134,1386,-
2021,3,54,-
2021,2,6017,-
2021,134,6036,-
2021,129,4664,-
2021,129,2023,-
2021,6,3718,-
2021,252,4047,https://documents.iplt20.com/ipl/IPLHeadshot2024/142.png
2021,494,6519,-
2021,494,6520,-
2022,129,448,-
2022,129,4146,-
2022,252,4134,https://assets.iplt20.com/ipl/IPLHeadshot2022/3766.png
2022,3,196,-
2022,494,76,-
2022,615,460,-
2022,615,241,-
2022,2,77,https://documents.iplt20.com/ipl/IPLHeadshot2024/224.png
2022,614,351,-
2022,615,7005,https://documents.iplt20.com/ipl/IPLHeadshot2024/127.png
2022,252,5422,-
2022,615,7895,https://documents.iplt20.com/ipl/IPLHeadshot2025/544.png
2022,129,8005,-
2022,129,8007,https://documents.iplt20.com/ipl/IPLHeadshot2025/1014.png
2022,3,1386,-
2022,1,495,-
2023,615,8305,-
2023,615,7172,-
2023,129,8295,-
2023,6,31,-
2023,252,2662,https://documents.iplt20.com/ipl/IPLHeadshot2023/8.png
2023,2,77,https://documents.iplt20.com/ipl/IPLHeadshot2024/224.png
2023,134,10,-
2023,134,8356,-
2023,1,8400,-
2023,614,8425,-
2023,6,8475,-
2023,134,1998,-
2023,129,8569,-
2023,129,6795,-
2023,6,361,-
2023,129,6036,-
2023,129,7017,-
2023,134,7083,-
2023,3,8808,-
2023,129,8007,https://documents.iplt20.com/ipl/IPLHeadshot2025/1014.png
2023,6,1429,https://documents.iplt20.com/ipl/IPLHeadshot2023/204.png
2023,2,8953,-
2023,615,525,https://documents.iplt20.com/ipl/IPLHeadshot2025/165.png
2023,134,6115,-
2023,494,9181,https://documents.iplt20.com/ipl/IPLHeadshot2023/1231.png
2023,2,4212,-
2023,3,9371,-
2023,3,9431,-
2023,134,7302,-
2023,2,9824,-
2023,134,2703,-
2024,1,3100,-
2023,1,9931,-
2024,129,41,-
2024,129,7017,-
2024,129,297,https://documents.iplt20.com/ipl/IPLHeadshot2024/258.png
2024,1,7172,-
2024,252,2662,https://documents.iplt20.com/ipl/IPLHeadshot2023/8.png
2024,2,77,https://documents.iplt20.com/ipl/IPLHeadshot2024/224.png
2024,2,1386,-
2024,6,7546,-
2024,6,2825,-
2024,6,8475,-
2024,614,8425,-
2024,134,10135,-
2024,134,10,-
2024,134,76,-
2024,129,8007,https://documents.iplt20.com/ipl/IPLHeadshot2025/1014.png
2024,3,10232,-
2024,2,6017,-
2024,614,10303,-
2024,614,10302,-
2024,129,6798,https://documents.iplt20.com/ipl/IPLHeadshot2025/970.png
2024,1,9931,-
2024,3,1449,https://documents.iplt20.com/ipl/IPLHeadshot2024/192.png
2024,134,7083,-
2024,614,10710,-
2024,615,3718,-
2024,614,1120,-
2024,3,10939,-
2024,6,6729,https://documents.iplt20.com/ipl/IPLHeadshot2024/608.png
2024,614,185,-
2024,615,8305,-
2024,129,7652,-
2024,614,1448,-
2024,494,11429,-
2024,615,4212,-
2025,6,2825,-
2024,494,6245,https://documents.iplt20.com/ipl/IPLHeadshot2023/633.png
2024,3,8805,-
2025,2,42,-
2024,494,7476,-
2025,1,4664,-
2025,1,7172,-
2025,1,2760,-
2025,1,8475,-
2025,614,11833,-
2025,134,7843,-
2025,129,2662,https://documents.iplt20.com/ipl/IPLHeadshot2025/8.png
2025,129,6245,https://documents.iplt20.com/ipl/IPLHeadshot2025/633.png
2025,3,11799,-
2025,252,8355,https://documents.iplt20.com/ipl/IPLHeadshot2025/1462.png
2025,614,10303,-
2025,614,11834,-
2025,615,538,https://documents.iplt20.com/ipl/IPLHeadshot2025/63.png
2025,615,2188,https://documents.iplt20.com/ipl/IPLHeadshot2025/150.png
2025,494,10,-
2025,494,8748,-
2025,129,8007,https://documents.iplt20.com/ipl/IPLHeadshot2025/1014.png
2025,3,1419,-
2025,615,308,https://documents.iplt20.com/ipl/IPLHeadshot2025/50.png
2025,2,41726,-
2025,3,41785,-
2008,129,11949,-
2008,252,11983,-
2008,252,11981,-
2008,494,12314,-
2008,3,13016,-
2008,6,13083,-
2009,252,13245,-
2009,252,13248,-
2009,252,12071,-
2009,494,13260,-
2009,494,13258,-
2009,494,12127,-
2009,2,13267,-
2009,6,767,-
2009,494,13402,-
2009,129,13620,-
2009,1,13986,-
2009,6,14008,-
2009,6,14303,-
2009,3,14360,-
2009,2,14216,-
2010,134,13227,-
2010,3,14481,-
2010,252,12071,-
2010,129,11948,-
2010,129,53,-
2010,129,14873,-
2010,129,15049,-
2010,6,15108,-
2010,134,15150,-
2010,6,438,-
2010,494,15339,-
2010,3,54,-
2010,494,12127,-
2010,1,15745,-
2010,1,11936,-
2011,6,14567,-
2011,129,31,-
2011,129,53,-
2011,2,12017,-
2011,1,13245,-
2011,6,438,-
2011,494,13258,-
2011,2,13267,-
2011,129,16414,-
2011,1419,13227,-
2011,252,13248,-
2011,1,16953,-
2011,134,12046,-
2011,2,33919,-
2011,1414,33961,-
2011,1419,569,-
2011,1419,34126,-
2011,3,34171,-
2012,3,15261,-
2012,252,13563,-
2012,6,34304,-
2012,2,34392,-
2012,2,33919,-
2012,6,12523,-
2012,252,11926,-
2012,129,12071,-
2012,6,438,-
2012,134,12046,-
2012,1,13458,-
2012,1419,34959,-
2012,3,35030,-
2012,129,35239,-
2012,134,14492,-
2012,1,13986,-
2012,6,900,-
2012,494,12738,-
2013,3,418,-
2013,3,33,-
2013,3,11946,-
2013,1,11951,-
2013,2,308,https://documents.iplt20.com/ipl/IPLHeadshot2025/50.png
2013,134,341,-
2013,129,13245,-
2013,2,359,-
2013,1,12016,-
2013,134,13267,-
2013,2,33919,-
2013,134,33972,-
2013,129,4098,-
2013,3,10,-
2013,6,14567,-
2013,494,15867,-
2013,3,54,-
2013,134,34522,-
2013,1,187,-
2013,3,36966,-
2013,252,172,-
2013,3,15261,-
2013,494,19,-
2013,134,13258,-
2013,494,37347,-
2014,252,14765,-
2014,494,34554,-
2014,129,21,-
2014,129,172,-
2014,2,308,https://documents.iplt20.com/ipl/IPLHeadshot2025/50.png
2014,252,471,-
2014,494,11928,-
2014,129,36536,-
2014,129,35239,-
2014,1,11951,-
2014,134,173,-
2014,3,36966,-
2014,129,341,-
2014,129,293,https://documents.iplt20.com/ipl/IPLHeadshot2025/61.png
2014,3,38515,-
2014,2,37119,-
2014,6,184,-
2014,129,38647,-
2014,1,53,-
2015,3,33,-
2015,3,12017,-
2015,129,36536,-
2015,2,66,-
2015,2,308,https://documents.iplt20.com/ipl/IPLHeadshot2025/50.png
2015,6,405,-
2015,252,438,-
2015,3,36966,-
2015,494,38229,-
2015,134,1119,https://documents.iplt20.com/playerheadshot/ipl/210/1749.png
2015,252,187,-
2015,252,39661,-
2015,3,34304,-
2015,252,525,https://documents.iplt20.com/playerheadshot/ipl/210/1740.png
2015,1,43,-
2015,134,494,-
2016,4,12016,-
2016,4,308,https://documents.iplt20.com/ipl/IPLHeadshot2025/50.png
2016,6,38647,-
2016,6,34522,-
2016,5,900,-
2016,5,14567,-
2016,2,297,https://documents.iplt20.com/playerheadshot/ipl/210/1594.png
2016,1,448,-
2016,1,1285,-
2016,1,10,-
2016,3,3793,-
2016,6,64,https://documents.iplt20.com/playerheadshot/ipl/210/261.png
2016,1,8,-
2016,1,241,-
2016,1,6212,-
2016,4,43,-
2016,6,438,-
2016,4,40813,-
2016,494,767,-
2016,6,219,-
2016,4,41,-
2016,2,66,-
2025,129,6798,https://documents.iplt20.com/ipl/IPLHeadshot2025/970.png
2025,134,8769,-
2025,2,438,-
2025,494,8425,-
2025,615,1429,https://documents.iplt20.com/ipl/IPLHeadshot2025/204.png
2025,2,42133,-
2025,3,676,-
2025,6,4047,https://documents.iplt20.com/ipl/IPLHeadshot2025/142.png
2025,2,163,-
2020,134,72,-
