team_id,team_name,alias_name,city_name,team_logo
1,Royal Challengers Bangalore,RCB,Banglore,https://documents.iplt20.com/ipl/RCB/Logos/Logooutline/RCBoutline.png
2,Sunrisers Hyderabad,SRH,Hyderabad,https://documents.iplt20.com/ipl/SRH/Logos/Logooutline/SRHoutline.png
3,Mumbai Indians,MI,Mumbai,https://documents.iplt20.com/ipl/MI/Logos/Logooutline/MIoutline.png
6,Kolkata Knight Riders,KKR,Kolkatta,https://documents.iplt20.com/ipl/KKR/Logos/Logooutline/KKRoutline.png
129,Chennai Super Kings,CSK,Chennai,https://documents.iplt20.com/ipl/CSK/logos/Logooutline/CSKoutline.png
134,Rajasthan Royals,RR,Rajasthan Royals,https://documents.iplt20.com/ipl/RR/Logos/RR_Logo.png
252,Delhi Capitals,DC,Delhi,https://documents.iplt20.com/ipl/DC/Logos/LogoOutline/DCoutline.png
494,Punjab Kings,KXIP,Punjab,https://documents.iplt20.com/ipl/PBKS/Logos/Logooutline/PBKSoutline.png
614,Lucknow Super Giants,LSG,Lucknow,https://documents.iplt20.com/ipl/LSG/Logos/Logooutline/LSGoutline.png
615,Gujarat Titans,GT,Gujarat,https://documents.iplt20.com/ipl/GT/Logos/Logooutline/GToutline.png
